,mean_fit_time,mean_score_time,mean_test_score,mean_train_score,param_clf__batch_size,param_clf__dropout,param_clf__epochs,param_clf__first_neuron,param_clf__last_activation,param_clf__last_neuron,param_clf__loss,param_clf__lr,param_clf__optimizer,param_clf__second_activation,param_clf__second_neuron,params,rank_test_score,split0_test_score,split0_train_score,split1_test_score,split1_train_score,split2_test_score,split2_train_score,std_fit_time,std_score_time,std_test_score,std_train_score
0,3.3728007475535073,0.0678396224975586,0.9085267754607682,0.9151345866988233,64,0,20,8,<function relu at 0x11f0552f0>,1,<function binary_crossentropy at 0x11f01b510>,0.01,<class 'keras.optimizers.Adam'>,<function relu at 0x11f0552f0>,1,"{'clf__batch_size': 64, 'clf__dropout': 0, 'clf__epochs': 20, 'clf__first_neuron': 8, 'clf__last_activation': <function relu at 0x11f0552f0>, 'clf__last_neuron': 1, 'clf__loss': <function binary_crossentropy at 0x11f01b510>, 'clf__lr': 0.01, 'clf__optimizer': <class 'keras.optimizers.Adam'>, 'clf__second_activation': <function relu at 0x11f0552f0>, 'clf__second_neuron': 1}",111,0.9155463633229921,0.9072573693265916,0.9055498105129346,0.9253576971132002,0.9044827585384764,0.9127886936566781,0.02460120350777615,0.011043787269354555,0.004983102417214973,0.007573324990586236
1,3.5555840333302817,0.10705296198527019,0.9095610204345193,0.9134107161883742,64,0,20,8,<function relu at 0x11f0552f0>,1,<function binary_crossentropy at 0x11f01b510>,0.01,<class 'keras.optimizers.Adam'>,<function relu at 0x11f0552f0>,8,"{'clf__batch_size': 64, 'clf__dropout': 0, 'clf__epochs': 20, 'clf__first_neuron': 8, 'clf__last_activation': <function relu at 0x11f0552f0>, 'clf__last_neuron': 1, 'clf__loss': <function binary_crossentropy at 0x11f01b510>, 'clf__lr': 0.01, 'clf__optimizer': <class 'keras.optimizers.Adam'>, 'clf__second_activation': <function relu at 0x11f0552f0>, 'clf__second_neuron': 8}",105,0.9155463633229921,0.9072573693265916,0.9089968977242411,0.9196690227467117,0.9041379308700561,0.9133057564918192,0.07105419271071454,0.00939328921436627,0.004674393307127398,0.005067579800964839
2,3.7447684605916343,0.15430800120035806,0.9101356010318103,0.9101354287261268,64,0,20,8,<function relu at 0x11f0552f0>,1,<function binary_crossentropy at 0x11f01b510>,0.01,<class 'keras.optimizers.Adam'>,<function relu at 0x11f0552f0>,32,"{'clf__batch_size': 64, 'clf__dropout': 0, 'clf__epochs': 20, 'clf__first_neuron': 8, 'clf__last_activation': <function relu at 0x11f0552f0>, 'clf__last_neuron': 1, 'clf__loss': <function binary_crossentropy at 0x11f01b510>, 'clf__lr': 0.01, 'clf__optimizer': <class 'keras.optimizers.Adam'>, 'clf__second_activation': <function relu at 0x11f0552f0>, 'clf__second_neuron': 32}",16,0.9155463633229921,0.9072573693265916,0.9100310239287255,0.91001551447398,0.9048275861246833,0.9131334023778087,0.024264788126706467,0.019354216884983882,0.0043764215690203076,0.0024003785362104652
3,4.019190629323323,0.18984405199686685,0.9105952654767656,0.910192909890795,64,0,20,8,<function relu at 0x11f0552f0>,1,<function binary_crossentropy at 0x11f01b510>,0.01,<class 'keras.optimizers.Adam'>,<function relu at 0x11f0552f0>,64,"{'clf__batch_size': 64, 'clf__dropout': 0, 'clf__epochs': 20, 'clf__first_neuron': 8, 'clf__last_activation': <function relu at 0x11f0552f0>, 'clf__last_neuron': 1, 'clf__loss': <function binary_crossentropy at 0x11f01b510>, 'clf__lr': 0.01, 'clf__optimizer': <class 'keras.optimizers.Adam'>, 'clf__second_activation': <function relu at 0x11f0552f0>, 'clf__second_neuron': 64}",6,0.917614615649776,0.9076021374700152,0.9096863152075948,0.9101878985456918,0.9044827585384764,0.9127886936566781,0.011018920397007269,0.01199294671535308,0.005399301756033638,0.00211740566173762
4,5.661571582158406,0.2477890650431315,0.9099057688093328,0.9101354286507907,64,0,20,8,<function relu at 0x11f0552f0>,1,<function binary_crossentropy at 0x11f01b510>,0.01,<class 'keras.optimizers.Adam'>,<function relu at 0x11f0552f0>,128,"{'clf__batch_size': 64, 'clf__dropout': 0, 'clf__epochs': 20, 'clf__first_neuron': 8, 'clf__last_activation': <function relu at 0x11f0552f0>, 'clf__last_neuron': 1, 'clf__loss': <function binary_crossentropy at 0x11f01b510>, 'clf__lr': 0.01, 'clf__optimizer': <class 'keras.optimizers.Adam'>, 'clf__second_activation': <function relu at 0x11f0552f0>, 'clf__second_neuron': 128}",94,0.9155463633229921,0.9072573693265916,0.9100310239287255,0.91001551447398,0.9041379309522695,0.9131334021518002,0.7309122403111751,0.009125170014074157,0.004658181362550704,0.0024003784421186866
5,4.330581347147624,0.2633036772410075,0.910710181608553,0.9188690301532453,64,0,20,16,<function relu at 0x11f0552f0>,1,<function binary_crossentropy at 0x11f01b510>,0.01,<class 'keras.optimizers.Adam'>,<function relu at 0x11f0552f0>,1,"{'clf__batch_size': 64, 'clf__dropout': 0, 'clf__epochs': 20, 'clf__first_neuron': 16, 'clf__last_activation': <function relu at 0x11f0552f0>, 'clf__last_neuron': 1, 'clf__loss': <function binary_crossentropy at 0x11f01b510>, 'clf__lr': 0.01, 'clf__optimizer': <class 'keras.optimizers.Adam'>, 'clf__second_activation': <function relu at 0x11f0552f0>, 'clf__second_neuron': 1}",4,0.9155463633229921,0.9072573693265916,0.9076180628602647,0.9270815376659197,0.9089655172413793,0.9222681834672246,0.028231099461300452,0.013550475959141158,0.0034639472944341556,0.008442554709148842
6,4.559096336364746,0.30777963002522785,0.909790852698094,0.9109973689777408,64,0,20,16,<function relu at 0x11f0552f0>,1,<function binary_crossentropy at 0x11f01b510>,0.01,<class 'keras.optimizers.Adam'>,<function relu at 0x11f0552f0>,8,"{'clf__batch_size': 64, 'clf__dropout': 0, 'clf__epochs': 20, 'clf__first_neuron': 16, 'clf__last_activation': <function relu at 0x11f0552f0>, 'clf__last_neuron': 1, 'clf__loss': <function binary_crossentropy at 0x11f01b510>, 'clf__lr': 0.01, 'clf__optimizer': <class 'keras.optimizers.Adam'>, 'clf__second_activation': <function relu at 0x11f0552f0>, 'clf__second_neuron': 8}",97,0.9148569458807307,0.9100155147308523,0.9100310239287255,0.9101878985456918,0.9044827585384764,0.9127886936566781,0.05316514908321944,0.006216472442809981,0.004238526718341996,0.001268611346823043
7,4.661812941233317,0.34158865610758465,0.9077223627779901,0.9093885597550075,64,0,20,16,<function relu at 0x11f0552f0>,1,<function binary_crossentropy at 0x11f01b510>,0.01,<class 'keras.optimizers.Adam'>,<function relu at 0x11f0552f0>,32,"{'clf__batch_size': 64, 'clf__dropout': 0, 'clf__epochs': 20, 'clf__first_neuron': 16, 'clf__last_activation': <function relu at 0x11f0552f0>, 'clf__last_neuron': 1, 'clf__loss': <function binary_crossentropy at 0x11f01b510>, 'clf__lr': 0.01, 'clf__optimizer': <class 'keras.optimizers.Adam'>, 'clf__second_activation': <function relu at 0x11f0552f0>, 'clf__second_neuron': 32}",113,0.9155463633229921,0.9072573693265916,0.9100310239287255,0.91001551447398,0.8975862070609784,0.9108927954644509,0.058147974013831163,0.008453169416830598,0.007511559698124346,0.001548953402718323
8,4.956031560897827,0.3897213935852051,0.9100206849205715,0.9100205258190832,64,0,20,16,<function relu at 0x11f0552f0>,1,<function binary_crossentropy at 0x11f01b510>,0.01,<class 'keras.optimizers.Adam'>,<function relu at 0x11f0552f0>,64,"{'clf__batch_size': 64, 'clf__dropout': 0, 'clf__epochs': 20, 'clf__first_neuron': 16, 'clf__last_activation': <function relu at 0x11f0552f0>, 'clf__last_neuron': 1, 'clf__loss': <function binary_crossentropy at 0x11f01b510>, 'clf__lr': 0.01, 'clf__optimizer': <class 'keras.optimizers.Adam'>, 'clf__second_activation': <function relu at 0x11f0552f0>, 'clf__second_neuron': 64}",52,0.9155463633229921,0.9072573693265916,0.9100310239287255,0.91001551447398,0.9044827585384764,0.9127886936566781,0.04861232116456017,0.0031841341953358997,0.004516573828187462,0.0022581564820795116
9,5.254778226216634,0.42946847279866535,0.9100206849205715,0.9100205258190832,64,0,20,16,<function relu at 0x11f0552f0>,1,<function binary_crossentropy at 0x11f01b510>,0.01,<class 'keras.optimizers.Adam'>,<function relu at 0x11f0552f0>,128,"{'clf__batch_size': 64, 'clf__dropout': 0, 'clf__epochs': 20, 'clf__first_neuron': 16, 'clf__last_activation': <function relu at 0x11f0552f0>, 'clf__last_neuron': 1, 'clf__loss': <function binary_crossentropy at 0x11f01b510>, 'clf__lr': 0.01, 'clf__optimizer': <class 'keras.optimizers.Adam'>, 'clf__second_activation': <function relu at 0x11f0552f0>, 'clf__second_neuron': 128}",52,0.9155463633229921,0.9072573693265916,0.9100310239287255,0.91001551447398,0.9044827585384764,0.9127886936566781,0.09289572173095721,0.011454184086080399,0.004516573828187462,0.0022581564820795116
10,5.451309998830159,0.4830763339996338,0.9096759365868552,0.9097907200049962,64,0,20,32,<function relu at 0x11f0552f0>,1,<function binary_crossentropy at 0x11f01b510>,0.01,<class 'keras.optimizers.Adam'>,<function relu at 0x11f0552f0>,1,"{'clf__batch_size': 64, 'clf__dropout': 0, 'clf__epochs': 20, 'clf__first_neuron': 32, 'clf__last_activation': <function relu at 0x11f0552f0>, 'clf__last_neuron': 1, 'clf__loss': <function binary_crossentropy at 0x11f01b510>, 'clf__lr': 0.01, 'clf__optimizer': <class 'keras.optimizers.Adam'>, 'clf__second_activation': <function relu at 0x11f0552f0>, 'clf__second_neuron': 1}",100,0.9155463633229921,0.9072573693265916,0.9100310239287255,0.91001551447398,0.9034482757798556,0.9120992762144168,0.18156108430490608,0.014291753657922917,0.004945260935896445,0.001983080935069884
11,5.530767599741618,0.5172553857167562,0.9110549299491189,0.9143293847510314,64,0,20,32,<function relu at 0x11f0552f0>,1,<function binary_crossentropy at 0x11f01b510>,0.01,<class 'keras.optimizers.Adam'>,<function relu at 0x11f0552f0>,8,"{'clf__batch_size': 64, 'clf__dropout': 0, 'clf__epochs': 20, 'clf__first_neuron': 32, 'clf__last_activation': <function relu at 0x11f0552f0>, 'clf__last_neuron': 1, 'clf__loss': <function binary_crossentropy at 0x11f01b510>, 'clf__lr': 0.01, 'clf__optimizer': <class 'keras.optimizers.Adam'>, 'clf__second_activation': <function relu at 0x11f0552f0>, 'clf__second_neuron': 8}",3,0.9155463633229921,0.9072573693265916,0.9100310239287255,0.91001551447398,0.9075862068965517,0.9257152704525224,0.15191868136277806,0.01672289409687533,0.0033293177595117266,0.008129396700415103
12,5.815454006195068,0.5639173984527588,0.9100206849205715,0.9100205258190832,64,0,20,32,<function relu at 0x11f0552f0>,1,<function binary_crossentropy at 0x11f01b510>,0.01,<class 'keras.optimizers.Adam'>,<function relu at 0x11f0552f0>,32,"{'clf__batch_size': 64, 'clf__dropout': 0, 'clf__epochs': 20, 'clf__first_neuron': 32, 'clf__last_activation': <function relu at 0x11f0552f0>, 'clf__last_neuron': 1, 'clf__loss': <function binary_crossentropy at 0x11f01b510>, 'clf__lr': 0.01, 'clf__optimizer': <class 'keras.optimizers.Adam'>, 'clf__second_activation': <function relu at 0x11f0552f0>, 'clf__second_neuron': 32}",52,0.9155463633229921,0.9072573693265916,0.9100310239287255,0.91001551447398,0.9044827585384764,0.9127886936566781,0.0368507437806094,0.011663231328978526,0.004516573828187462,0.0022581564820795116
13,6.11046290397644,0.615585724512736,0.9100206849205715,0.9100205258190832,64,0,20,32,<function relu at 0x11f0552f0>,1,<function binary_crossentropy at 0x11f01b510>,0.01,<class 'keras.optimizers.Adam'>,<function relu at 0x11f0552f0>,64,"{'clf__batch_size': 64, 'clf__dropout': 0, 'clf__epochs': 20, 'clf__first_neuron': 32, 'clf__last_activation': <function relu at 0x11f0552f0>, 'clf__last_neuron': 1, 'clf__loss': <function binary_crossentropy at 0x11f01b510>, 'clf__lr': 0.01, 'clf__optimizer': <class 'keras.optimizers.Adam'>, 'clf__second_activation': <function relu at 0x11f0552f0>, 'clf__second_neuron': 64}",52,0.9155463633229921,0.9072573693265916,0.9100310239287255,0.91001551447398,0.9044827585384764,0.9127886936566781,0.13203529450340426,0.013408920383041334,0.004516573828187462,0.0022581564820795116
14,7.237736066182454,0.6928393046061198,0.9100206849205715,0.9100205258190832,64,0,20,32,<function relu at 0x11f0552f0>,1,<function binary_crossentropy at 0x11f01b510>,0.01,<class 'keras.optimizers.Adam'>,<function relu at 0x11f0552f0>,128,"{'clf__batch_size': 64, 'clf__dropout': 0, 'clf__epochs': 20, 'clf__first_neuron': 32, 'clf__last_activation': <function relu at 0x11f0552f0>, 'clf__last_neuron': 1, 'clf__loss': <function binary_crossentropy at 0x11f01b510>, 'clf__lr': 0.01, 'clf__optimizer': <class 'keras.optimizers.Adam'>, 'clf__second_activation': <function relu at 0x11f0552f0>, 'clf__second_neuron': 128}",52,0.9155463633229921,0.9072573693265916,0.9100310239287255,0.91001551447398,0.9044827585384764,0.9127886936566781,0.671848212489795,0.04628205672046121,0.004516573828187462,0.0022581564820795116
15,6.529387474060059,0.7033698558807373,0.9100206849205715,0.9100205258190832,64,0,20,64,<function relu at 0x11f0552f0>,1,<function binary_crossentropy at 0x11f01b510>,0.01,<class 'keras.optimizers.Adam'>,<function relu at 0x11f0552f0>,1,"{'clf__batch_size': 64, 'clf__dropout': 0, 'clf__epochs': 20, 'clf__first_neuron': 64, 'clf__last_activation': <function relu at 0x11f0552f0>, 'clf__last_neuron': 1, 'clf__loss': <function binary_crossentropy at 0x11f01b510>, 'clf__lr': 0.01, 'clf__optimizer': <class 'keras.optimizers.Adam'>, 'clf__second_activation': <function relu at 0x11f0552f0>, 'clf__second_neuron': 1}",52,0.9155463633229921,0.9072573693265916,0.9100310239287255,0.91001551447398,0.9044827585384764,0.9127886936566781,0.14565283502322612,0.01505926037181458,0.004516573828187462,0.0022581564820795116
16,6.825147390365601,0.7413867314656576,0.9100206849205715,0.9100205258190832,64,0,20,64,<function relu at 0x11f0552f0>,1,<function binary_crossentropy at 0x11f01b510>,0.01,<class 'keras.optimizers.Adam'>,<function relu at 0x11f0552f0>,8,"{'clf__batch_size': 64, 'clf__dropout': 0, 'clf__epochs': 20, 'clf__first_neuron': 64, 'clf__last_activation': <function relu at 0x11f0552f0>, 'clf__last_neuron': 1, 'clf__loss': <function binary_crossentropy at 0x11f01b510>, 'clf__lr': 0.01, 'clf__optimizer': <class 'keras.optimizers.Adam'>, 'clf__second_activation': <function relu at 0x11f0552f0>, 'clf__second_neuron': 8}",52,0.9155463633229921,0.9072573693265916,0.9100310239287255,0.91001551447398,0.9044827585384764,0.9127886936566781,0.10335657336490535,0.0087605455535801,0.004516573828187462,0.0022581564820795116
17,7.413954019546509,0.793238639831543,0.9101356010318103,0.909963064461846,64,0,20,64,<function relu at 0x11f0552f0>,1,<function binary_crossentropy at 0x11f01b510>,0.01,<class 'keras.optimizers.Adam'>,<function relu at 0x11f0552f0>,32,"{'clf__batch_size': 64, 'clf__dropout': 0, 'clf__epochs': 20, 'clf__first_neuron': 64, 'clf__last_activation': <function relu at 0x11f0552f0>, 'clf__last_neuron': 1, 'clf__loss': <function binary_crossentropy at 0x11f01b510>, 'clf__lr': 0.01, 'clf__optimizer': <class 'keras.optimizers.Adam'>, 'clf__second_activation': <function relu at 0x11f0552f0>, 'clf__second_neuron': 32}",16,0.9155463633229921,0.9072573693265916,0.910375732649856,0.9098431304022683,0.9044827585384764,0.9127886936566781,0.19614433510102136,0.011631848373913014,0.004519759092674114,0.002259745611809268
18,7.492744366327922,0.8433663050333658,0.9100206849205715,0.9100205258190832,64,0,20,64,<function relu at 0x11f0552f0>,1,<function binary_crossentropy at 0x11f01b510>,0.01,<class 'keras.optimizers.Adam'>,<function relu at 0x11f0552f0>,64,"{'clf__batch_size': 64, 'clf__dropout': 0, 'clf__epochs': 20, 'clf__first_neuron': 64, 'clf__last_activation': <function relu at 0x11f0552f0>, 'clf__last_neuron': 1, 'clf__loss': <function binary_crossentropy at 0x11f01b510>, 'clf__lr': 0.01, 'clf__optimizer': <class 'keras.optimizers.Adam'>, 'clf__second_activation': <function relu at 0x11f0552f0>, 'clf__second_neuron': 64}",52,0.9155463633229921,0.9072573693265916,0.9100310239287255,0.91001551447398,0.9044827585384764,0.9127886936566781,0.08925806806083499,0.005992318679193322,0.004516573828187462,0.0022581564820795116
19,7.775681018829346,0.8785560925801595,0.9100206849205715,0.9100205258190832,64,0,20,64,<function relu at 0x11f0552f0>,1,<function binary_crossentropy at 0x11f01b510>,0.01,<class 'keras.optimizers.Adam'>,<function relu at 0x11f0552f0>,128,"{'clf__batch_size': 64, 'clf__dropout': 0, 'clf__epochs': 20, 'clf__first_neuron': 64, 'clf__last_activation': <function relu at 0x11f0552f0>, 'clf__last_neuron': 1, 'clf__loss': <function binary_crossentropy at 0x11f01b510>, 'clf__lr': 0.01, 'clf__optimizer': <class 'keras.optimizers.Adam'>, 'clf__second_activation': <function relu at 0x11f0552f0>, 'clf__second_neuron': 128}",52,0.9155463633229921,0.9072573693265916,0.9100310239287255,0.91001551447398,0.9044827585384764,0.9127886936566781,0.07660613109724397,0.00942888660128244,0.004516573828187462,0.0022581564820795116
20,7.802793979644775,0.9399445851643881,0.9100206849205715,0.9100205258190832,64,0,20,128,<function relu at 0x11f0552f0>,1,<function binary_crossentropy at 0x11f01b510>,0.01,<class 'keras.optimizers.Adam'>,<function relu at 0x11f0552f0>,1,"{'clf__batch_size': 64, 'clf__dropout': 0, 'clf__epochs': 20, 'clf__first_neuron': 128, 'clf__last_activation': <function relu at 0x11f0552f0>, 'clf__last_neuron': 1, 'clf__loss': <function binary_crossentropy at 0x11f01b510>, 'clf__lr': 0.01, 'clf__optimizer': <class 'keras.optimizers.Adam'>, 'clf__second_activation': <function relu at 0x11f0552f0>, 'clf__second_neuron': 1}",52,0.9155463633229921,0.9072573693265916,0.9100310239287255,0.91001551447398,0.9044827585384764,0.9127886936566781,0.29134650952309515,0.026850013174491226,0.004516573828187462,0.0022581564820795116
21,8.554126660029093,0.9877543449401855,0.9100206849205715,0.9100205258190832,64,0,20,128,<function relu at 0x11f0552f0>,1,<function binary_crossentropy at 0x11f01b510>,0.01,<class 'keras.optimizers.Adam'>,<function relu at 0x11f0552f0>,8,"{'clf__batch_size': 64, 'clf__dropout': 0, 'clf__epochs': 20, 'clf__first_neuron': 128, 'clf__last_activation': <function relu at 0x11f0552f0>, 'clf__last_neuron': 1, 'clf__loss': <function binary_crossentropy at 0x11f01b510>, 'clf__lr': 0.01, 'clf__optimizer': <class 'keras.optimizers.Adam'>, 'clf__second_activation': <function relu at 0x11f0552f0>, 'clf__second_neuron': 8}",52,0.9155463633229921,0.9072573693265916,0.9100310239287255,0.91001551447398,0.9044827585384764,0.9127886936566781,0.14369228107679907,0.02351177971955953,0.004516573828187462,0.0022581564820795116
22,8.60825769106547,1.04189666112264,0.9100206849205715,0.9100205258190832,64,0,20,128,<function relu at 0x11f0552f0>,1,<function binary_crossentropy at 0x11f01b510>,0.01,<class 'keras.optimizers.Adam'>,<function relu at 0x11f0552f0>,32,"{'clf__batch_size': 64, 'clf__dropout': 0, 'clf__epochs': 20, 'clf__first_neuron': 128, 'clf__last_activation': <function relu at 0x11f0552f0>, 'clf__last_neuron': 1, 'clf__loss': <function binary_crossentropy at 0x11f01b510>, 'clf__lr': 0.01, 'clf__optimizer': <class 'keras.optimizers.Adam'>, 'clf__second_activation': <function relu at 0x11f0552f0>, 'clf__second_neuron': 32}",52,0.9155463633229921,0.9072573693265916,0.9100310239287255,0.91001551447398,0.9044827585384764,0.9127886936566781,0.22231726658454845,0.02473237391329185,0.004516573828187462,0.0022581564820795116
23,8.580254952112833,1.067640781402588,0.9100206849205715,0.9100205258190832,64,0,20,128,<function relu at 0x11f0552f0>,1,<function binary_crossentropy at 0x11f01b510>,0.01,<class 'keras.optimizers.Adam'>,<function relu at 0x11f0552f0>,64,"{'clf__batch_size': 64, 'clf__dropout': 0, 'clf__epochs': 20, 'clf__first_neuron': 128, 'clf__last_activation': <function relu at 0x11f0552f0>, 'clf__last_neuron': 1, 'clf__loss': <function binary_crossentropy at 0x11f01b510>, 'clf__lr': 0.01, 'clf__optimizer': <class 'keras.optimizers.Adam'>, 'clf__second_activation': <function relu at 0x11f0552f0>, 'clf__second_neuron': 64}",52,0.9155463633229921,0.9072573693265916,0.9100310239287255,0.91001551447398,0.9044827585384764,0.9127886936566781,0.28326598849290985,0.016742858042820257,0.004516573828187462,0.0022581564820795116
24,8.894736289978027,1.1077285607655842,0.9100206849205715,0.9100205258190832,64,0,20,128,<function relu at 0x11f0552f0>,1,<function binary_crossentropy at 0x11f01b510>,0.01,<class 'keras.optimizers.Adam'>,<function relu at 0x11f0552f0>,128,"{'clf__batch_size': 64, 'clf__dropout': 0, 'clf__epochs': 20, 'clf__first_neuron': 128, 'clf__last_activation': <function relu at 0x11f0552f0>, 'clf__last_neuron': 1, 'clf__loss': <function binary_crossentropy at 0x11f01b510>, 'clf__lr': 0.01, 'clf__optimizer': <class 'keras.optimizers.Adam'>, 'clf__second_activation': <function relu at 0x11f0552f0>, 'clf__second_neuron': 128}",52,0.9155463633229921,0.9072573693265916,0.9100310239287255,0.91001551447398,0.9044827585384764,0.9127886936566781,0.2618963158731777,0.015289131991342688,0.004516573828187462,0.0022581564820795116
25,9.31452989578247,1.1709707578023274,0.9100206849205715,0.9100205258190832,64,0,20,256,<function relu at 0x11f0552f0>,1,<function binary_crossentropy at 0x11f01b510>,0.01,<class 'keras.optimizers.Adam'>,<function relu at 0x11f0552f0>,1,"{'clf__batch_size': 64, 'clf__dropout': 0, 'clf__epochs': 20, 'clf__first_neuron': 256, 'clf__last_activation': <function relu at 0x11f0552f0>, 'clf__last_neuron': 1, 'clf__loss': <function binary_crossentropy at 0x11f01b510>, 'clf__lr': 0.01, 'clf__optimizer': <class 'keras.optimizers.Adam'>, 'clf__second_activation': <function relu at 0x11f0552f0>, 'clf__second_neuron': 1}",52,0.9155463633229921,0.9072573693265916,0.9100310239287255,0.91001551447398,0.9044827585384764,0.9127886936566781,0.0716788706146783,0.015162213896858897,0.004516573828187462,0.0022581564820795116
26,11.638478755950928,1.5235051314036052,0.9100206849205715,0.9100205258190832,64,0,20,256,<function relu at 0x11f0552f0>,1,<function binary_crossentropy at 0x11f01b510>,0.01,<class 'keras.optimizers.Adam'>,<function relu at 0x11f0552f0>,8,"{'clf__batch_size': 64, 'clf__dropout': 0, 'clf__epochs': 20, 'clf__first_neuron': 256, 'clf__last_activation': <function relu at 0x11f0552f0>, 'clf__last_neuron': 1, 'clf__loss': <function binary_crossentropy at 0x11f01b510>, 'clf__lr': 0.01, 'clf__optimizer': <class 'keras.optimizers.Adam'>, 'clf__second_activation': <function relu at 0x11f0552f0>, 'clf__second_neuron': 8}",52,0.9155463633229921,0.9072573693265916,0.9100310239287255,0.91001551447398,0.9044827585384764,0.9127886936566781,2.836810257349844,0.4365445527623203,0.004516573828187462,0.0022581564820795116
27,11.061583280563354,1.363268295923869,0.9100206849205715,0.9100205258190832,64,0,20,256,<function relu at 0x11f0552f0>,1,<function binary_crossentropy at 0x11f01b510>,0.01,<class 'keras.optimizers.Adam'>,<function relu at 0x11f0552f0>,32,"{'clf__batch_size': 64, 'clf__dropout': 0, 'clf__epochs': 20, 'clf__first_neuron': 256, 'clf__last_activation': <function relu at 0x11f0552f0>, 'clf__last_neuron': 1, 'clf__loss': <function binary_crossentropy at 0x11f01b510>, 'clf__lr': 0.01, 'clf__optimizer': <class 'keras.optimizers.Adam'>, 'clf__second_activation': <function relu at 0x11f0552f0>, 'clf__second_neuron': 32}",52,0.9155463633229921,0.9072573693265916,0.9100310239287255,0.91001551447398,0.9044827585384764,0.9127886936566781,1.636287248341222,0.12714726489088793,0.004516573828187462,0.0022581564820795116
28,10.536750237147013,1.3294447263081868,0.9100206849205715,0.9100205258190832,64,0,20,256,<function relu at 0x11f0552f0>,1,<function binary_crossentropy at 0x11f01b510>,0.01,<class 'keras.optimizers.Adam'>,<function relu at 0x11f0552f0>,64,"{'clf__batch_size': 64, 'clf__dropout': 0, 'clf__epochs': 20, 'clf__first_neuron': 256, 'clf__last_activation': <function relu at 0x11f0552f0>, 'clf__last_neuron': 1, 'clf__loss': <function binary_crossentropy at 0x11f01b510>, 'clf__lr': 0.01, 'clf__optimizer': <class 'keras.optimizers.Adam'>, 'clf__second_activation': <function relu at 0x11f0552f0>, 'clf__second_neuron': 64}",52,0.9155463633229921,0.9072573693265916,0.9100310239287255,0.91001551447398,0.9044827585384764,0.9127886936566781,0.06250464773326679,0.030816065338580115,0.004516573828187462,0.0022581564820795116
29,10.686688979466757,1.3830223083496094,0.9100206849205715,0.9100205258190832,64,0,20,256,<function relu at 0x11f0552f0>,1,<function binary_crossentropy at 0x11f01b510>,0.01,<class 'keras.optimizers.Adam'>,<function relu at 0x11f0552f0>,128,"{'clf__batch_size': 64, 'clf__dropout': 0, 'clf__epochs': 20, 'clf__first_neuron': 256, 'clf__last_activation': <function relu at 0x11f0552f0>, 'clf__last_neuron': 1, 'clf__loss': <function binary_crossentropy at 0x11f01b510>, 'clf__lr': 0.01, 'clf__optimizer': <class 'keras.optimizers.Adam'>, 'clf__second_activation': <function relu at 0x11f0552f0>, 'clf__second_neuron': 128}",52,0.9155463633229921,0.9072573693265916,0.9100310239287255,0.91001551447398,0.9044827585384764,0.9127886936566781,0.09455007727169501,0.016776205231437028,0.004516573828187462,0.0022581564820795116
30,10.392120043436686,1.4363746643066406,0.9100206849205715,0.9100205258190832,64,0.2,20,8,<function relu at 0x11f0552f0>,1,<function binary_crossentropy at 0x11f01b510>,0.01,<class 'keras.optimizers.Adam'>,<function relu at 0x11f0552f0>,1,"{'clf__batch_size': 64, 'clf__dropout': 0.2, 'clf__epochs': 20, 'clf__first_neuron': 8, 'clf__last_activation': <function relu at 0x11f0552f0>, 'clf__last_neuron': 1, 'clf__loss': <function binary_crossentropy at 0x11f01b510>, 'clf__lr': 0.01, 'clf__optimizer': <class 'keras.optimizers.Adam'>, 'clf__second_activation': <function relu at 0x11f0552f0>, 'clf__second_neuron': 1}",52,0.9155463633229921,0.9072573693265916,0.9100310239287255,0.91001551447398,0.9044827585384764,0.9127886936566781,0.1744667452632678,0.011398976462534974,0.004516573828187462,0.0022581564820795116
31,10.954479376475016,1.5054035981496174,0.9102505171430492,0.9105375987291585,64,0.2,20,8,<function relu at 0x11f0552f0>,1,<function binary_crossentropy at 0x11f01b510>,0.01,<class 'keras.optimizers.Adam'>,<function relu at 0x11f0552f0>,8,"{'clf__batch_size': 64, 'clf__dropout': 0.2, 'clf__epochs': 20, 'clf__first_neuron': 8, 'clf__last_activation': <function relu at 0x11f0552f0>, 'clf__last_neuron': 1, 'clf__loss': <function binary_crossentropy at 0x11f01b510>, 'clf__lr': 0.01, 'clf__optimizer': <class 'keras.optimizers.Adam'>, 'clf__second_activation': <function relu at 0x11f0552f0>, 'clf__second_neuron': 8}",13,0.9155463633229921,0.9072573693265916,0.9100310239287255,0.9101878985456918,0.9051724137108902,0.9141675283151921,0.17176763945600362,0.005660051793111436,0.0042378689714725045,0.002831877113114371
32,11.054483970006308,1.5485343933105469,0.9100206849205715,0.9100205258190832,64,0.2,20,8,<function relu at 0x11f0552f0>,1,<function binary_crossentropy at 0x11f01b510>,0.01,<class 'keras.optimizers.Adam'>,<function relu at 0x11f0552f0>,32,"{'clf__batch_size': 64, 'clf__dropout': 0.2, 'clf__epochs': 20, 'clf__first_neuron': 8, 'clf__last_activation': <function relu at 0x11f0552f0>, 'clf__last_neuron': 1, 'clf__loss': <function binary_crossentropy at 0x11f01b510>, 'clf__lr': 0.01, 'clf__optimizer': <class 'keras.optimizers.Adam'>, 'clf__second_activation': <function relu at 0x11f0552f0>, 'clf__second_neuron': 32}",52,0.9155463633229921,0.9072573693265916,0.9100310239287255,0.91001551447398,0.9044827585384764,0.9127886936566781,0.05107392395846254,0.018340705991156246,0.004516573828187462,0.0022581564820795116
33,11.994196573893229,1.677869478861491,0.9103654332474385,0.9105950601411951,64,0.2,20,8,<function relu at 0x11f0552f0>,1,<function binary_crossentropy at 0x11f01b510>,0.01,<class 'keras.optimizers.Adam'>,<function relu at 0x11f0552f0>,64,"{'clf__batch_size': 64, 'clf__dropout': 0.2, 'clf__epochs': 20, 'clf__first_neuron': 8, 'clf__last_activation': <function relu at 0x11f0552f0>, 'clf__last_neuron': 1, 'clf__loss': <function binary_crossentropy at 0x11f01b510>, 'clf__lr': 0.01, 'clf__optimizer': <class 'keras.optimizers.Adam'>, 'clf__second_activation': <function relu at 0x11f0552f0>, 'clf__second_neuron': 64}",11,0.9155463633229921,0.9072573693265916,0.9100310239081792,0.9103602827818018,0.905517241297097,0.9141675283151921,0.9729704054809237,0.11461562260834762,0.00410107817028634,0.002825941096142049
34,12.453384240468344,1.674609661102295,0.9101356010318103,0.9099630743655615,64,0.2,20,8,<function relu at 0x11f0552f0>,1,<function binary_crossentropy at 0x11f01b510>,0.01,<class 'keras.optimizers.Adam'>,<function relu at 0x11f0552f0>,128,"{'clf__batch_size': 64, 'clf__dropout': 0.2, 'clf__epochs': 20, 'clf__first_neuron': 8, 'clf__last_activation': <function relu at 0x11f0552f0>, 'clf__last_neuron': 1, 'clf__loss': <function binary_crossentropy at 0x11f01b510>, 'clf__lr': 0.01, 'clf__optimizer': <class 'keras.optimizers.Adam'>, 'clf__second_activation': <function relu at 0x11f0552f0>, 'clf__second_neuron': 128}",16,0.9155463633229921,0.9072573693265916,0.9100310239287255,0.91001551447398,0.9048275861246833,0.9126163392961127,0.22467874363012075,0.025019110211236015,0.0043764215690203076,0.002188104546144221
35,12.031124353408813,1.8184839089711506,0.9096759365868552,0.9099056031046088,64,0.2,20,16,<function relu at 0x11f0552f0>,1,<function binary_crossentropy at 0x11f01b510>,0.01,<class 'keras.optimizers.Adam'>,<function relu at 0x11f0552f0>,1,"{'clf__batch_size': 64, 'clf__dropout': 0.2, 'clf__epochs': 20, 'clf__first_neuron': 16, 'clf__last_activation': <function relu at 0x11f0552f0>, 'clf__last_neuron': 1, 'clf__loss': <function binary_crossentropy at 0x11f01b510>, 'clf__lr': 0.01, 'clf__optimizer': <class 'keras.optimizers.Adam'>, 'clf__second_activation': <function relu at 0x11f0552f0>, 'clf__second_neuron': 1}",100,0.9145122371596002,0.9069126011831681,0.9100310239287255,0.91001551447398,0.9044827585384764,0.9127886936566781,0.11867990395886277,0.1326823597116771,0.004102092656166534,0.0024001633376568637
36,13.092677036921183,1.7728273073832195,0.9100206849205715,0.9100205258190832,64,0.2,20,16,<function relu at 0x11f0552f0>,1,<function binary_crossentropy at 0x11f01b510>,0.01,<class 'keras.optimizers.Adam'>,<function relu at 0x11f0552f0>,8,"{'clf__batch_size': 64, 'clf__dropout': 0.2, 'clf__epochs': 20, 'clf__first_neuron': 16, 'clf__last_activation': <function relu at 0x11f0552f0>, 'clf__last_neuron': 1, 'clf__loss': <function binary_crossentropy at 0x11f01b510>, 'clf__lr': 0.01, 'clf__optimizer': <class 'keras.optimizers.Adam'>, 'clf__second_activation': <function relu at 0x11f0552f0>, 'clf__second_neuron': 8}",52,0.9155463633229921,0.9072573693265916,0.9100310239287255,0.91001551447398,0.9044827585384764,0.9127886936566781,0.7379122863596941,0.02324048102333838,0.004516573828187462,0.0022581564820795116
37,12.369500001271566,1.8215456008911133,0.9100206849205715,0.9100205258190832,64,0.2,20,16,<function relu at 0x11f0552f0>,1,<function binary_crossentropy at 0x11f01b510>,0.01,<class 'keras.optimizers.Adam'>,<function relu at 0x11f0552f0>,32,"{'clf__batch_size': 64, 'clf__dropout': 0.2, 'clf__epochs': 20, 'clf__first_neuron': 16, 'clf__last_activation': <function relu at 0x11f0552f0>, 'clf__last_neuron': 1, 'clf__loss': <function binary_crossentropy at 0x11f01b510>, 'clf__lr': 0.01, 'clf__optimizer': <class 'keras.optimizers.Adam'>, 'clf__second_activation': <function relu at 0x11f0552f0>, 'clf__second_neuron': 32}",52,0.9155463633229921,0.9072573693265916,0.9100310239287255,0.91001551447398,0.9044827585384764,0.9127886936566781,0.2721247910405411,0.0038008551144094464,0.004516573828187462,0.0022581564820795116
38,12.626303354899088,1.8654447396596272,0.9100206849205715,0.9100205258190832,64,0.2,20,16,<function relu at 0x11f0552f0>,1,<function binary_crossentropy at 0x11f01b510>,0.01,<class 'keras.optimizers.Adam'>,<function relu at 0x11f0552f0>,64,"{'clf__batch_size': 64, 'clf__dropout': 0.2, 'clf__epochs': 20, 'clf__first_neuron': 16, 'clf__last_activation': <function relu at 0x11f0552f0>, 'clf__last_neuron': 1, 'clf__loss': <function binary_crossentropy at 0x11f01b510>, 'clf__lr': 0.01, 'clf__optimizer': <class 'keras.optimizers.Adam'>, 'clf__second_activation': <function relu at 0x11f0552f0>, 'clf__second_neuron': 64}",52,0.9155463633229921,0.9072573693265916,0.9100310239287255,0.91001551447398,0.9044827585384764,0.9127886936566781,0.05444264337023888,0.029887108992327768,0.004516573828187462,0.0022581564820795116
39,13.0818559328715,1.9402980009714763,0.9100206849205715,0.9100205258190832,64,0.2,20,16,<function relu at 0x11f0552f0>,1,<function binary_crossentropy at 0x11f01b510>,0.01,<class 'keras.optimizers.Adam'>,<function relu at 0x11f0552f0>,128,"{'clf__batch_size': 64, 'clf__dropout': 0.2, 'clf__epochs': 20, 'clf__first_neuron': 16, 'clf__last_activation': <function relu at 0x11f0552f0>, 'clf__last_neuron': 1, 'clf__loss': <function binary_crossentropy at 0x11f01b510>, 'clf__lr': 0.01, 'clf__optimizer': <class 'keras.optimizers.Adam'>, 'clf__second_activation': <function relu at 0x11f0552f0>, 'clf__second_neuron': 128}",52,0.9155463633229921,0.9072573693265916,0.9100310239287255,0.91001551447398,0.9044827585384764,0.9127886936566781,0.21897789525109573,0.011875725800989992,0.004516573828187462,0.0022581564820795116
40,14.358723640441895,2.151581048965454,0.9100206849205715,0.9100205258190832,64,0.2,20,32,<function relu at 0x11f0552f0>,1,<function binary_crossentropy at 0x11f01b510>,0.01,<class 'keras.optimizers.Adam'>,<function relu at 0x11f0552f0>,1,"{'clf__batch_size': 64, 'clf__dropout': 0.2, 'clf__epochs': 20, 'clf__first_neuron': 32, 'clf__last_activation': <function relu at 0x11f0552f0>, 'clf__last_neuron': 1, 'clf__loss': <function binary_crossentropy at 0x11f01b510>, 'clf__lr': 0.01, 'clf__optimizer': <class 'keras.optimizers.Adam'>, 'clf__second_activation': <function relu at 0x11f0552f0>, 'clf__second_neuron': 1}",52,0.9155463633229921,0.9072573693265916,0.9100310239287255,0.91001551447398,0.9044827585384764,0.9127886936566781,0.8847526133487265,0.1371814542804476,0.004516573828187462,0.0022581564820795116
41,14.86706312497457,2.138270457585653,0.9102505171361996,0.9110547213084836,64,0.2,20,32,<function relu at 0x11f0552f0>,1,<function binary_crossentropy at 0x11f01b510>,0.01,<class 'keras.optimizers.Adam'>,<function relu at 0x11f0552f0>,8,"{'clf__batch_size': 64, 'clf__dropout': 0.2, 'clf__epochs': 20, 'clf__first_neuron': 32, 'clf__last_activation': <function relu at 0x11f0552f0>, 'clf__last_neuron': 1, 'clf__loss': <function binary_crossentropy at 0x11f01b510>, 'clf__lr': 0.01, 'clf__optimizer': <class 'keras.optimizers.Adam'>, 'clf__second_activation': <function relu at 0x11f0552f0>, 'clf__second_neuron': 8}",14,0.9155463633229921,0.9072573693265916,0.9107204413504405,0.9112222029759625,0.9044827585384764,0.9146845916228966,1.4108611731836485,0.07838131273316218,0.004528776778110793,0.003034462647805333
42,15.10262926419576,2.3290469646453857,0.9100206849205715,0.9100205258190832,64,0.2,20,32,<function relu at 0x11f0552f0>,1,<function binary_crossentropy at 0x11f01b510>,0.01,<class 'keras.optimizers.Adam'>,<function relu at 0x11f0552f0>,32,"{'clf__batch_size': 64, 'clf__dropout': 0.2, 'clf__epochs': 20, 'clf__first_neuron': 32, 'clf__last_activation': <function relu at 0x11f0552f0>, 'clf__last_neuron': 1, 'clf__loss': <function binary_crossentropy at 0x11f01b510>, 'clf__lr': 0.01, 'clf__optimizer': <class 'keras.optimizers.Adam'>, 'clf__second_activation': <function relu at 0x11f0552f0>, 'clf__second_neuron': 32}",52,0.9155463633229921,0.9072573693265916,0.9100310239287255,0.91001551447398,0.9044827585384764,0.9127886936566781,0.4551756998992311,0.22211867631619744,0.004516573828187462,0.0022581564820795116
43,15.966993729273478,2.3980955282847085,0.9100206849205715,0.9100205258190832,64,0.2,20,32,<function relu at 0x11f0552f0>,1,<function binary_crossentropy at 0x11f01b510>,0.01,<class 'keras.optimizers.Adam'>,<function relu at 0x11f0552f0>,64,"{'clf__batch_size': 64, 'clf__dropout': 0.2, 'clf__epochs': 20, 'clf__first_neuron': 32, 'clf__last_activation': <function relu at 0x11f0552f0>, 'clf__last_neuron': 1, 'clf__loss': <function binary_crossentropy at 0x11f01b510>, 'clf__lr': 0.01, 'clf__optimizer': <class 'keras.optimizers.Adam'>, 'clf__second_activation': <function relu at 0x11f0552f0>, 'clf__second_neuron': 64}",52,0.9155463633229921,0.9072573693265916,0.9100310239287255,0.91001551447398,0.9044827585384764,0.9127886936566781,0.3993019896492339,0.13614329370112743,0.004516573828187462,0.0022581564820795116
44,15.750284353892008,2.3576676845550537,0.9100206849205715,0.9100205258190832,64,0.2,20,32,<function relu at 0x11f0552f0>,1,<function binary_crossentropy at 0x11f01b510>,0.01,<class 'keras.optimizers.Adam'>,<function relu at 0x11f0552f0>,128,"{'clf__batch_size': 64, 'clf__dropout': 0.2, 'clf__epochs': 20, 'clf__first_neuron': 32, 'clf__last_activation': <function relu at 0x11f0552f0>, 'clf__last_neuron': 1, 'clf__loss': <function binary_crossentropy at 0x11f01b510>, 'clf__lr': 0.01, 'clf__optimizer': <class 'keras.optimizers.Adam'>, 'clf__second_activation': <function relu at 0x11f0552f0>, 'clf__second_neuron': 128}",52,0.9155463633229921,0.9072573693265916,0.9100310239287255,0.91001551447398,0.9044827585384764,0.9127886936566781,0.4238706626095171,0.03496572243283492,0.004516573828187462,0.0022581564820795116
45,16.061090230941772,2.5659351348876953,0.9033555504961196,0.9094447930926268,64,0.2,20,64,<function relu at 0x11f0552f0>,1,<function binary_crossentropy at 0x11f01b510>,0.01,<class 'keras.optimizers.Adam'>,<function relu at 0x11f0552f0>,1,"{'clf__batch_size': 64, 'clf__dropout': 0.2, 'clf__epochs': 20, 'clf__first_neuron': 64, 'clf__last_activation': <function relu at 0x11f0552f0>, 'clf__last_neuron': 1, 'clf__loss': <function binary_crossentropy at 0x11f01b510>, 'clf__lr': 0.01, 'clf__optimizer': <class 'keras.optimizers.Adam'>, 'clf__second_activation': <function relu at 0x11f0552f0>, 'clf__second_neuron': 1}",120,0.8958979662185453,0.8860541286704418,0.9100310239287255,0.91001551447398,0.9041379310344828,0.9322647361334584,0.3777997829650644,0.1188708021393617,0.00579657943498762,0.018869717409942005
46,16.457414706548054,2.498213847478231,0.9092162721350505,0.9156517389139586,64,0.2,20,64,<function relu at 0x11f0552f0>,1,<function binary_crossentropy at 0x11f01b510>,0.01,<class 'keras.optimizers.Adam'>,<function relu at 0x11f0552f0>,8,"{'clf__batch_size': 64, 'clf__dropout': 0.2, 'clf__epochs': 20, 'clf__first_neuron': 64, 'clf__last_activation': <function relu at 0x11f0552f0>, 'clf__last_neuron': 1, 'clf__loss': <function binary_crossentropy at 0x11f01b510>, 'clf__lr': 0.01, 'clf__optimizer': <class 'keras.optimizers.Adam'>, 'clf__second_activation': <function relu at 0x11f0552f0>, 'clf__second_neuron': 8}",106,0.9155463633229921,0.9072573693265916,0.9076180628602647,0.9269091537586062,0.9044827585384764,0.9127886936566781,0.221039766491498,0.02087945762400585,0.004655828850988349,0.008274294690969922
47,16.302395343780518,2.586789925893148,0.9100206849205715,0.9100205258190832,64,0.2,20,64,<function relu at 0x11f0552f0>,1,<function binary_crossentropy at 0x11f01b510>,0.01,<class 'keras.optimizers.Adam'>,<function relu at 0x11f0552f0>,32,"{'clf__batch_size': 64, 'clf__dropout': 0.2, 'clf__epochs': 20, 'clf__first_neuron': 64, 'clf__last_activation': <function relu at 0x11f0552f0>, 'clf__last_neuron': 1, 'clf__loss': <function binary_crossentropy at 0x11f01b510>, 'clf__lr': 0.01, 'clf__optimizer': <class 'keras.optimizers.Adam'>, 'clf__second_activation': <function relu at 0x11f0552f0>, 'clf__second_neuron': 32}",52,0.9155463633229921,0.9072573693265916,0.9100310239287255,0.91001551447398,0.9044827585384764,0.9127886936566781,0.13716437811685325,0.05238605890407765,0.004516573828187462,0.0022581564820795116
48,16.86664907137553,2.644585609436035,0.9100206849205715,0.9100205258190832,64,0.2,20,64,<function relu at 0x11f0552f0>,1,<function binary_crossentropy at 0x11f01b510>,0.01,<class 'keras.optimizers.Adam'>,<function relu at 0x11f0552f0>,64,"{'clf__batch_size': 64, 'clf__dropout': 0.2, 'clf__epochs': 20, 'clf__first_neuron': 64, 'clf__last_activation': <function relu at 0x11f0552f0>, 'clf__last_neuron': 1, 'clf__loss': <function binary_crossentropy at 0x11f01b510>, 'clf__lr': 0.01, 'clf__optimizer': <class 'keras.optimizers.Adam'>, 'clf__second_activation': <function relu at 0x11f0552f0>, 'clf__second_neuron': 64}",52,0.9155463633229921,0.9072573693265916,0.9100310239287255,0.91001551447398,0.9044827585384764,0.9127886936566781,0.15673762454209728,0.04131594799890448,0.004516573828187462,0.0022581564820795116
49,17.836212396621704,2.7374422550201416,0.9100206849205715,0.9100205258190832,64,0.2,20,64,<function relu at 0x11f0552f0>,1,<function binary_crossentropy at 0x11f01b510>,0.01,<class 'keras.optimizers.Adam'>,<function relu at 0x11f0552f0>,128,"{'clf__batch_size': 64, 'clf__dropout': 0.2, 'clf__epochs': 20, 'clf__first_neuron': 64, 'clf__last_activation': <function relu at 0x11f0552f0>, 'clf__last_neuron': 1, 'clf__loss': <function binary_crossentropy at 0x11f01b510>, 'clf__lr': 0.01, 'clf__optimizer': <class 'keras.optimizers.Adam'>, 'clf__second_activation': <function relu at 0x11f0552f0>, 'clf__second_neuron': 128}",52,0.9155463633229921,0.9072573693265916,0.9100310239287255,0.91001551447398,0.9044827585384764,0.9127886936566781,0.5203842211004791,0.006614804149366492,0.004516573828187462,0.0022581564820795116
50,19.233570019404095,3.0382086435953775,0.9088715238081836,0.909733219032897,64,0.2,20,128,<function relu at 0x11f0552f0>,1,<function binary_crossentropy at 0x11f01b510>,0.01,<class 'keras.optimizers.Adam'>,<function relu at 0x11f0552f0>,1,"{'clf__batch_size': 64, 'clf__dropout': 0.2, 'clf__epochs': 20, 'clf__first_neuron': 128, 'clf__last_activation': <function relu at 0x11f0552f0>, 'clf__last_neuron': 1, 'clf__loss': <function binary_crossentropy at 0x11f01b510>, 'clf__lr': 0.01, 'clf__optimizer': <class 'keras.optimizers.Adam'>, 'clf__second_activation': <function relu at 0x11f0552f0>, 'clf__second_neuron': 1}",108,0.9120992761116856,0.9063954489680328,0.9100310239287255,0.91001551447398,0.9044827585384764,0.9127886936566781,1.367662630541016,0.37118317572771176,0.0032156394353594834,0.002617653204591868
51,19.033968210220337,2.8774896462758384,0.9100206849205715,0.9100205258190832,64,0.2,20,128,<function relu at 0x11f0552f0>,1,<function binary_crossentropy at 0x11f01b510>,0.01,<class 'keras.optimizers.Adam'>,<function relu at 0x11f0552f0>,8,"{'clf__batch_size': 64, 'clf__dropout': 0.2, 'clf__epochs': 20, 'clf__first_neuron': 128, 'clf__last_activation': <function relu at 0x11f0552f0>, 'clf__last_neuron': 1, 'clf__loss': <function binary_crossentropy at 0x11f01b510>, 'clf__lr': 0.01, 'clf__optimizer': <class 'keras.optimizers.Adam'>, 'clf__second_activation': <function relu at 0x11f0552f0>, 'clf__second_neuron': 8}",52,0.9155463633229921,0.9072573693265916,0.9100310239287255,0.91001551447398,0.9044827585384764,0.9127886936566781,0.2816772076367509,0.05789704684742185,0.004516573828187462,0.0022581564820795116
52,20.20848600069682,3.2415332794189453,0.9100206849205715,0.9100205258190832,64,0.2,20,128,<function relu at 0x11f0552f0>,1,<function binary_crossentropy at 0x11f01b510>,0.01,<class 'keras.optimizers.Adam'>,<function relu at 0x11f0552f0>,32,"{'clf__batch_size': 64, 'clf__dropout': 0.2, 'clf__epochs': 20, 'clf__first_neuron': 128, 'clf__last_activation': <function relu at 0x11f0552f0>, 'clf__last_neuron': 1, 'clf__loss': <function binary_crossentropy at 0x11f01b510>, 'clf__lr': 0.01, 'clf__optimizer': <class 'keras.optimizers.Adam'>, 'clf__second_activation': <function relu at 0x11f0552f0>, 'clf__second_neuron': 32}",52,0.9155463633229921,0.9072573693265916,0.9100310239287255,0.91001551447398,0.9044827585384764,0.9127886936566781,0.41250502128886435,0.19031049826116134,0.004516573828187462,0.0022581564820795116
53,19.333409706751507,3.021569013595581,0.9100206849205715,0.9100205258190832,64,0.2,20,128,<function relu at 0x11f0552f0>,1,<function binary_crossentropy at 0x11f01b510>,0.01,<class 'keras.optimizers.Adam'>,<function relu at 0x11f0552f0>,64,"{'clf__batch_size': 64, 'clf__dropout': 0.2, 'clf__epochs': 20, 'clf__first_neuron': 128, 'clf__last_activation': <function relu at 0x11f0552f0>, 'clf__last_neuron': 1, 'clf__loss': <function binary_crossentropy at 0x11f01b510>, 'clf__lr': 0.01, 'clf__optimizer': <class 'keras.optimizers.Adam'>, 'clf__second_activation': <function relu at 0x11f0552f0>, 'clf__second_neuron': 64}",52,0.9155463633229921,0.9072573693265916,0.9100310239287255,0.91001551447398,0.9044827585384764,0.9127886936566781,0.33241107892934996,0.14299811901738135,0.004516573828187462,0.0022581564820795116
54,18.772906064987183,3.0661112467447915,0.9100206849205715,0.9100205258190832,64,0.2,20,128,<function relu at 0x11f0552f0>,1,<function binary_crossentropy at 0x11f01b510>,0.01,<class 'keras.optimizers.Adam'>,<function relu at 0x11f0552f0>,128,"{'clf__batch_size': 64, 'clf__dropout': 0.2, 'clf__epochs': 20, 'clf__first_neuron': 128, 'clf__last_activation': <function relu at 0x11f0552f0>, 'clf__last_neuron': 1, 'clf__loss': <function binary_crossentropy at 0x11f01b510>, 'clf__lr': 0.01, 'clf__optimizer': <class 'keras.optimizers.Adam'>, 'clf__second_activation': <function relu at 0x11f0552f0>, 'clf__second_neuron': 128}",52,0.9155463633229921,0.9072573693265916,0.9100310239287255,0.91001551447398,0.9044827585384764,0.9127886936566781,0.43957237565108376,0.1785552901829715,0.004516573828187462,0.0022581564820795116
55,25.47675061225891,4.025841633478801,0.9078372788070345,0.9173181182190397,64,0.2,20,256,<function relu at 0x11f0552f0>,1,<function binary_crossentropy at 0x11f01b510>,0.01,<class 'keras.optimizers.Adam'>,<function relu at 0x11f0552f0>,1,"{'clf__batch_size': 64, 'clf__dropout': 0.2, 'clf__epochs': 20, 'clf__first_neuron': 256, 'clf__last_activation': <function relu at 0x11f0552f0>, 'clf__last_neuron': 1, 'clf__loss': <function binary_crossentropy at 0x11f01b510>, 'clf__lr': 0.01, 'clf__optimizer': <class 'keras.optimizers.Adam'>, 'clf__second_activation': <function relu at 0x11f0552f0>, 'clf__second_neuron': 1}",112,0.9089968976215098,0.929150146526461,0.9100310239287255,0.91001551447398,0.9044827585384764,0.9127886936566781,4.193694332158765,0.6045694851662196,0.0024088836275928355,0.00844276025541219
56,25.123385032018025,3.9078750610351562,0.9100206849205715,0.9100205258190832,64,0.2,20,256,<function relu at 0x11f0552f0>,1,<function binary_crossentropy at 0x11f01b510>,0.01,<class 'keras.optimizers.Adam'>,<function relu at 0x11f0552f0>,8,"{'clf__batch_size': 64, 'clf__dropout': 0.2, 'clf__epochs': 20, 'clf__first_neuron': 256, 'clf__last_activation': <function relu at 0x11f0552f0>, 'clf__last_neuron': 1, 'clf__loss': <function binary_crossentropy at 0x11f01b510>, 'clf__lr': 0.01, 'clf__optimizer': <class 'keras.optimizers.Adam'>, 'clf__second_activation': <function relu at 0x11f0552f0>, 'clf__second_neuron': 8}",52,0.9155463633229921,0.9072573693265916,0.9100310239287255,0.91001551447398,0.9044827585384764,0.9127886936566781,1.01885693563427,0.5776735938733215,0.004516573828187462,0.0022581564820795116
57,22.812400261561077,3.4835330645243325,0.9100206849205715,0.9100205258190832,64,0.2,20,256,<function relu at 0x11f0552f0>,1,<function binary_crossentropy at 0x11f01b510>,0.01,<class 'keras.optimizers.Adam'>,<function relu at 0x11f0552f0>,32,"{'clf__batch_size': 64, 'clf__dropout': 0.2, 'clf__epochs': 20, 'clf__first_neuron': 256, 'clf__last_activation': <function relu at 0x11f0552f0>, 'clf__last_neuron': 1, 'clf__loss': <function binary_crossentropy at 0x11f01b510>, 'clf__lr': 0.01, 'clf__optimizer': <class 'keras.optimizers.Adam'>, 'clf__second_activation': <function relu at 0x11f0552f0>, 'clf__second_neuron': 32}",52,0.9155463633229921,0.9072573693265916,0.9100310239287255,0.91001551447398,0.9044827585384764,0.9127886936566781,1.569737748819498,0.2968242478617145,0.004516573828187462,0.0022581564820795116
58,23.256659030914307,3.6044495900472007,0.9100206849205715,0.9100205258190832,64,0.2,20,256,<function relu at 0x11f0552f0>,1,<function binary_crossentropy at 0x11f01b510>,0.01,<class 'keras.optimizers.Adam'>,<function relu at 0x11f0552f0>,64,"{'clf__batch_size': 64, 'clf__dropout': 0.2, 'clf__epochs': 20, 'clf__first_neuron': 256, 'clf__last_activation': <function relu at 0x11f0552f0>, 'clf__last_neuron': 1, 'clf__loss': <function binary_crossentropy at 0x11f01b510>, 'clf__lr': 0.01, 'clf__optimizer': <class 'keras.optimizers.Adam'>, 'clf__second_activation': <function relu at 0x11f0552f0>, 'clf__second_neuron': 64}",52,0.9155463633229921,0.9072573693265916,0.9100310239287255,0.91001551447398,0.9044827585384764,0.9127886936566781,0.800223079606055,0.20714498179179489,0.004516573828187462,0.0022581564820795116
59,23.480509281158447,3.4906453291575112,0.9100206849205715,0.9100205258190832,64,0.2,20,256,<function relu at 0x11f0552f0>,1,<function binary_crossentropy at 0x11f01b510>,0.01,<class 'keras.optimizers.Adam'>,<function relu at 0x11f0552f0>,128,"{'clf__batch_size': 64, 'clf__dropout': 0.2, 'clf__epochs': 20, 'clf__first_neuron': 256, 'clf__last_activation': <function relu at 0x11f0552f0>, 'clf__last_neuron': 1, 'clf__loss': <function binary_crossentropy at 0x11f01b510>, 'clf__lr': 0.01, 'clf__optimizer': <class 'keras.optimizers.Adam'>, 'clf__second_activation': <function relu at 0x11f0552f0>, 'clf__second_neuron': 128}",52,0.9155463633229921,0.9072573693265916,0.9100310239287255,0.91001551447398,0.9044827585384764,0.9127886936566781,1.1992089755034239,0.12186164927601555,0.004516573828187462,0.0022581564820795116
60,16.077616771062214,4.409665664037068,0.9095610208180931,0.9154218934096733,128,0,20,8,<function relu at 0x11f0552f0>,1,<function binary_crossentropy at 0x11f01b510>,0.01,<class 'keras.optimizers.Adam'>,<function relu at 0x11f0552f0>,1,"{'clf__batch_size': 128, 'clf__dropout': 0, 'clf__epochs': 20, 'clf__first_neuron': 8, 'clf__last_activation': <function relu at 0x11f0552f0>, 'clf__last_neuron': 1, 'clf__loss': <function binary_crossentropy at 0x11f01b510>, 'clf__lr': 0.01, 'clf__optimizer': <class 'keras.optimizers.Adam'>, 'clf__second_activation': <function relu at 0x11f0552f0>, 'clf__second_neuron': 1}",103,0.9148569460861932,0.9234614723243707,0.9100310240930953,0.91001551447398,0.903793104023769,0.9127886934306695,0.8021723461583966,1.4114642914040063,0.004528877485293464,0.005796478944191927
61,15.260496854782104,3.3611721197764077,0.909675936634802,0.9116866278680815,128,0,20,8,<function relu at 0x11f0552f0>,1,<function binary_crossentropy at 0x11f01b510>,0.01,<class 'keras.optimizers.Adam'>,<function relu at 0x11f0552f0>,8,"{'clf__batch_size': 128, 'clf__dropout': 0, 'clf__epochs': 20, 'clf__first_neuron': 8, 'clf__last_activation': <function relu at 0x11f0552f0>, 'clf__last_neuron': 1, 'clf__loss': <function binary_crossentropy at 0x11f01b510>, 'clf__lr': 0.01, 'clf__optimizer': <class 'keras.optimizers.Adam'>, 'clf__second_activation': <function relu at 0x11f0552f0>, 'clf__second_neuron': 8}",99,0.9120992763376943,0.9074297533983035,0.9100310240930953,0.91001551447398,0.9068965513952847,0.9176146157319609,0.5393962908192816,0.1310341887856037,0.0021387347210755944,0.004322601081975801
62,15.433524290720621,3.9792919953664145,0.9103654335899152,0.9114569805305788,128,0,20,8,<function relu at 0x11f0552f0>,1,<function binary_crossentropy at 0x11f01b510>,0.01,<class 'keras.optimizers.Adam'>,<function relu at 0x11f0552f0>,32,"{'clf__batch_size': 128, 'clf__dropout': 0, 'clf__epochs': 20, 'clf__first_neuron': 8, 'clf__last_activation': <function relu at 0x11f0552f0>, 'clf__last_neuron': 1, 'clf__loss': <function binary_crossentropy at 0x11f01b510>, 'clf__lr': 0.01, 'clf__optimizer': <class 'keras.optimizers.Adam'>, 'clf__second_activation': <function relu at 0x11f0552f0>, 'clf__second_neuron': 32}",7,0.9169251983924308,0.9101878988025641,0.9100310240930953,0.91001551447398,0.9041379316099759,0.9141675283151921,0.5301863818275385,0.7404537135287288,0.005225583518725762,0.0019179383129964774
63,15.471246719360352,3.7167533238728843,0.9103654335830657,0.911054830334978,128,0,20,8,<function relu at 0x11f0552f0>,1,<function binary_crossentropy at 0x11f01b510>,0.01,<class 'keras.optimizers.Adam'>,<function relu at 0x11f0552f0>,64,"{'clf__batch_size': 128, 'clf__dropout': 0, 'clf__epochs': 20, 'clf__first_neuron': 8, 'clf__last_activation': <function relu at 0x11f0552f0>, 'clf__last_neuron': 1, 'clf__loss': <function binary_crossentropy at 0x11f01b510>, 'clf__lr': 0.01, 'clf__optimizer': <class 'keras.optimizers.Adam'>, 'clf__second_activation': <function relu at 0x11f0552f0>, 'clf__second_neuron': 64}",8,0.9155463635079082,0.9072573693265916,0.911065150235941,0.9131184280216642,0.9044827591961828,0.9127886936566781,0.5289551323407135,0.11945691969060178,0.004543591953761941,0.0026885824977143993
64,15.396657784779867,3.696380853652954,0.9076074469133345,0.9083541464900274,128,0,20,8,<function relu at 0x11f0552f0>,1,<function binary_crossentropy at 0x11f01b510>,0.01,<class 'keras.optimizers.Adam'>,<function relu at 0x11f0552f0>,128,"{'clf__batch_size': 128, 'clf__dropout': 0, 'clf__epochs': 20, 'clf__first_neuron': 8, 'clf__last_activation': <function relu at 0x11f0552f0>, 'clf__last_neuron': 1, 'clf__loss': <function binary_crossentropy at 0x11f01b510>, 'clf__lr': 0.01, 'clf__optimizer': <class 'keras.optimizers.Adam'>, 'clf__second_activation': <function relu at 0x11f0552f0>, 'clf__second_neuron': 128}",115,0.9155463635079082,0.9072573693265916,0.9027921409288056,0.9050163764868127,0.9044827591961828,0.9127886936566781,0.2821447134413225,0.20836677492612538,0.005656409493404639,0.0032664372698627112
65,15.769919157028198,4.115632772445679,0.9074925308226444,0.9184098840613469,128,0,20,16,<function relu at 0x11f0552f0>,1,<function binary_crossentropy at 0x11f01b510>,0.01,<class 'keras.optimizers.Adam'>,<function relu at 0x11f0552f0>,1,"{'clf__batch_size': 128, 'clf__dropout': 0, 'clf__epochs': 20, 'clf__first_neuron': 16, 'clf__last_activation': <function relu at 0x11f0552f0>, 'clf__last_neuron': 1, 'clf__loss': <function binary_crossentropy at 0x11f01b510>, 'clf__lr': 0.01, 'clf__optimizer': <class 'keras.optimizers.Adam'>, 'clf__second_activation': <function relu at 0x11f0552f0>, 'clf__second_neuron': 1}",116,0.9079627716841265,0.9324254440533829,0.9100310240930953,0.91001551447398,0.9044827591961828,0.9127886936566781,0.19766450753274772,0.2772033320800279,0.0022892854586004513,0.009974954372915044
66,17.74589490890503,4.358014822006226,0.910365433576216,0.9142152247904581,128,0,20,16,<function relu at 0x11f0552f0>,1,<function binary_crossentropy at 0x11f01b510>,0.01,<class 'keras.optimizers.Adam'>,<function relu at 0x11f0552f0>,8,"{'clf__batch_size': 128, 'clf__dropout': 0, 'clf__epochs': 20, 'clf__first_neuron': 16, 'clf__last_activation': <function relu at 0x11f0552f0>, 'clf__last_neuron': 1, 'clf__loss': <function binary_crossentropy at 0x11f01b510>, 'clf__lr': 0.01, 'clf__optimizer': <class 'keras.optimizers.Adam'>, 'clf__second_activation': <function relu at 0x11f0552f0>, 'clf__second_neuron': 8}",10,0.9210617030049061,0.9141527321950627,0.905549810718397,0.9160489572407644,0.9044827591961828,0.9124439849355475,1.3174371323071556,0.2776325910255993,0.0075765893827278935,0.0014723870242353057
67,16.99852768580119,4.4539417425791425,0.9097908530337212,0.9114570597500147,128,0,20,16,<function relu at 0x11f0552f0>,1,<function binary_crossentropy at 0x11f01b510>,0.01,<class 'keras.optimizers.Adam'>,<function relu at 0x11f0552f0>,32,"{'clf__batch_size': 128, 'clf__dropout': 0, 'clf__epochs': 20, 'clf__first_neuron': 16, 'clf__last_activation': <function relu at 0x11f0552f0>, 'clf__last_neuron': 1, 'clf__loss': <function binary_crossentropy at 0x11f01b510>, 'clf__lr': 0.01, 'clf__optimizer': <class 'keras.optimizers.Adam'>, 'clf__second_activation': <function relu at 0x11f0552f0>, 'clf__second_neuron': 32}",95,0.9148569460656469,0.911566971119386,0.9100310240930953,0.91001551447398,0.9044827591961828,0.9127886936566781,0.8264290541101901,0.549957035212754,0.004238526520633866,0.001134810138797205
68,16.697676340738933,3.8849759896596274,0.9100206852561987,0.9100205258190832,128,0,20,16,<function relu at 0x11f0552f0>,1,<function binary_crossentropy at 0x11f01b510>,0.01,<class 'keras.optimizers.Adam'>,<function relu at 0x11f0552f0>,64,"{'clf__batch_size': 128, 'clf__dropout': 0, 'clf__epochs': 20, 'clf__first_neuron': 16, 'clf__last_activation': <function relu at 0x11f0552f0>, 'clf__last_neuron': 1, 'clf__loss': <function binary_crossentropy at 0x11f01b510>, 'clf__lr': 0.01, 'clf__optimizer': <class 'keras.optimizers.Adam'>, 'clf__second_activation': <function relu at 0x11f0552f0>, 'clf__second_neuron': 64}",19,0.9155463635079082,0.9072573693265916,0.9100310240930953,0.91001551447398,0.9044827591961828,0.9127886936566781,0.4204765430946976,0.045162927780001146,0.004516573634981359,0.0022581564820795116
69,17.743716716766357,4.425602992375691,0.9095610208112436,0.9101928801796486,128,0,20,16,<function relu at 0x11f0552f0>,1,<function binary_crossentropy at 0x11f01b510>,0.01,<class 'keras.optimizers.Adam'>,<function relu at 0x11f0552f0>,128,"{'clf__batch_size': 128, 'clf__dropout': 0, 'clf__epochs': 20, 'clf__first_neuron': 16, 'clf__last_activation': <function relu at 0x11f0552f0>, 'clf__last_neuron': 1, 'clf__loss': <function binary_crossentropy at 0x11f01b510>, 'clf__lr': 0.01, 'clf__optimizer': <class 'keras.optimizers.Adam'>, 'clf__second_activation': <function relu at 0x11f0552f0>, 'clf__second_neuron': 128}",104,0.9155463635079082,0.9072573693265916,0.9100310240930953,0.91001551447398,0.9031034488513552,0.9133057567383741,0.5708837816724187,0.7927011309125926,0.005090514840317155,0.002472426812656301
70,17.306957721710205,4.172024250030518,0.9105952658260918,0.915938986277852,128,0,20,32,<function relu at 0x11f0552f0>,1,<function binary_crossentropy at 0x11f01b510>,0.01,<class 'keras.optimizers.Adam'>,<function relu at 0x11f0552f0>,1,"{'clf__batch_size': 128, 'clf__dropout': 0, 'clf__epochs': 20, 'clf__first_neuron': 32, 'clf__last_activation': <function relu at 0x11f0552f0>, 'clf__last_neuron': 1, 'clf__loss': <function binary_crossentropy at 0x11f01b510>, 'clf__lr': 0.01, 'clf__optimizer': <class 'keras.optimizers.Adam'>, 'clf__second_activation': <function relu at 0x11f0552f0>, 'clf__second_neuron': 1}",5,0.9169251984335233,0.923978624539506,0.9096863153719648,0.91001551447398,0.9051724143685965,0.9138228198200701,0.7716866863356069,0.08427006144552901,0.00484078149098115,0.005893540590243933
71,16.800132910410564,4.139843146006267,0.9132383363503365,0.9164561980009044,128,0,20,32,<function relu at 0x11f0552f0>,1,<function binary_crossentropy at 0x11f01b510>,0.01,<class 'keras.optimizers.Adam'>,<function relu at 0x11f0552f0>,8,"{'clf__batch_size': 128, 'clf__dropout': 0, 'clf__epochs': 20, 'clf__first_neuron': 32, 'clf__last_activation': <function relu at 0x11f0552f0>, 'clf__last_neuron': 1, 'clf__loss': <function binary_crossentropy at 0x11f01b510>, 'clf__lr': 0.01, 'clf__optimizer': <class 'keras.optimizers.Adam'>, 'clf__second_activation': <function relu at 0x11f0552f0>, 'clf__second_neuron': 8}",1,0.9210617030254523,0.9174280298144586,0.9141675287055706,0.9191518705315763,0.9044827591961828,0.9127886936566781,0.10772891206202743,0.04135073093343574,0.006799953665697583,0.002687110938125038
72,17.415815512339275,4.283496459325154,0.9100206852561987,0.9100205258190832,128,0,20,32,<function relu at 0x11f0552f0>,1,<function binary_crossentropy at 0x11f01b510>,0.01,<class 'keras.optimizers.Adam'>,<function relu at 0x11f0552f0>,32,"{'clf__batch_size': 128, 'clf__dropout': 0, 'clf__epochs': 20, 'clf__first_neuron': 32, 'clf__last_activation': <function relu at 0x11f0552f0>, 'clf__last_neuron': 1, 'clf__loss': <function binary_crossentropy at 0x11f01b510>, 'clf__lr': 0.01, 'clf__optimizer': <class 'keras.optimizers.Adam'>, 'clf__second_activation': <function relu at 0x11f0552f0>, 'clf__second_neuron': 32}",19,0.9155463635079082,0.9072573693265916,0.9100310240930953,0.91001551447398,0.9044827591961828,0.9127886936566781,0.5527809606890345,0.14393900141387816,0.004516573634981359,0.0022581564820795116
73,17.68827160199483,5.581407070159912,0.9100206852561987,0.9100205258190832,128,0,20,32,<function relu at 0x11f0552f0>,1,<function binary_crossentropy at 0x11f01b510>,0.01,<class 'keras.optimizers.Adam'>,<function relu at 0x11f0552f0>,64,"{'clf__batch_size': 128, 'clf__dropout': 0, 'clf__epochs': 20, 'clf__first_neuron': 32, 'clf__last_activation': <function relu at 0x11f0552f0>, 'clf__last_neuron': 1, 'clf__loss': <function binary_crossentropy at 0x11f01b510>, 'clf__lr': 0.01, 'clf__optimizer': <class 'keras.optimizers.Adam'>, 'clf__second_activation': <function relu at 0x11f0552f0>, 'clf__second_neuron': 64}",19,0.9155463635079082,0.9072573693265916,0.9100310240930953,0.91001551447398,0.9044827591961828,0.9127886936566781,0.3348909621691992,1.1476781139346415,0.004516573634981359,0.0022581564820795116
74,19.992514848709106,4.888116757074992,0.9100206852561987,0.9100205258190832,128,0,20,32,<function relu at 0x11f0552f0>,1,<function binary_crossentropy at 0x11f01b510>,0.01,<class 'keras.optimizers.Adam'>,<function relu at 0x11f0552f0>,128,"{'clf__batch_size': 128, 'clf__dropout': 0, 'clf__epochs': 20, 'clf__first_neuron': 32, 'clf__last_activation': <function relu at 0x11f0552f0>, 'clf__last_neuron': 1, 'clf__loss': <function binary_crossentropy at 0x11f01b510>, 'clf__lr': 0.01, 'clf__optimizer': <class 'keras.optimizers.Adam'>, 'clf__second_activation': <function relu at 0x11f0552f0>, 'clf__second_neuron': 128}",19,0.9155463635079082,0.9072573693265916,0.9100310240930953,0.91001551447398,0.9044827591961828,0.9127886936566781,0.6131704335291105,0.36804591154220295,0.004516573634981359,0.0022581564820795116
75,20.112130721410114,4.538269281387329,0.9086416919350323,0.909963064461846,128,0,20,64,<function relu at 0x11f0552f0>,1,<function binary_crossentropy at 0x11f01b510>,0.01,<class 'keras.optimizers.Adam'>,<function relu at 0x11f0552f0>,1,"{'clf__batch_size': 128, 'clf__dropout': 0, 'clf__epochs': 20, 'clf__first_neuron': 64, 'clf__last_activation': <function relu at 0x11f0552f0>, 'clf__last_neuron': 1, 'clf__loss': <function binary_crossentropy at 0x11f01b510>, 'clf__lr': 0.01, 'clf__optimizer': <class 'keras.optimizers.Adam'>, 'clf__second_activation': <function relu at 0x11f0552f0>, 'clf__second_neuron': 1}",110,0.9120992763376943,0.9060506808246093,0.9093416066508341,0.9110498189042506,0.9044827591961828,0.9127886936566781,2.351554666631556,0.0762269559735333,0.0031484888861104854,0.002856102314325805
76,21.35309346516927,5.2043666044871015,0.9068030336962928,0.9237529483795622,128,0,20,64,<function relu at 0x11f0552f0>,1,<function binary_crossentropy at 0x11f01b510>,0.01,<class 'keras.optimizers.Adam'>,<function relu at 0x11f0552f0>,8,"{'clf__batch_size': 128, 'clf__dropout': 0, 'clf__epochs': 20, 'clf__first_neuron': 64, 'clf__last_activation': <function relu at 0x11f0552f0>, 'clf__last_neuron': 1, 'clf__loss': <function binary_crossentropy at 0x11f01b510>, 'clf__lr': 0.01, 'clf__optimizer': <class 'keras.optimizers.Adam'>, 'clf__second_activation': <function relu at 0x11f0552f0>, 'clf__second_neuron': 8}",118,0.9152016547867776,0.9076021374700152,0.9031368496499362,0.9362178936310419,0.9020689647773217,0.9274388140376294,3.519916955279036,0.8125472274073375,0.005955211995793764,0.011969532973451793
77,18.256642818450928,4.557899475097656,0.9100206852561987,0.9100205258190832,128,0,20,64,<function relu at 0x11f0552f0>,1,<function binary_crossentropy at 0x11f01b510>,0.01,<class 'keras.optimizers.Adam'>,<function relu at 0x11f0552f0>,32,"{'clf__batch_size': 128, 'clf__dropout': 0, 'clf__epochs': 20, 'clf__first_neuron': 64, 'clf__last_activation': <function relu at 0x11f0552f0>, 'clf__last_neuron': 1, 'clf__loss': <function binary_crossentropy at 0x11f01b510>, 'clf__lr': 0.01, 'clf__optimizer': <class 'keras.optimizers.Adam'>, 'clf__second_activation': <function relu at 0x11f0552f0>, 'clf__second_neuron': 32}",19,0.9155463635079082,0.9072573693265916,0.9100310240930953,0.91001551447398,0.9044827591961828,0.9127886936566781,0.8679859329808358,0.19218636757620755,0.004516573634981359,0.0022581564820795116
78,20.36246132850647,5.568763256072998,0.9100206852561987,0.9100205258190832,128,0,20,64,<function relu at 0x11f0552f0>,1,<function binary_crossentropy at 0x11f01b510>,0.01,<class 'keras.optimizers.Adam'>,<function relu at 0x11f0552f0>,64,"{'clf__batch_size': 128, 'clf__dropout': 0, 'clf__epochs': 20, 'clf__first_neuron': 64, 'clf__last_activation': <function relu at 0x11f0552f0>, 'clf__last_neuron': 1, 'clf__loss': <function binary_crossentropy at 0x11f01b510>, 'clf__lr': 0.01, 'clf__optimizer': <class 'keras.optimizers.Adam'>, 'clf__second_activation': <function relu at 0x11f0552f0>, 'clf__second_neuron': 64}",19,0.9155463635079082,0.9072573693265916,0.9100310240930953,0.91001551447398,0.9044827591961828,0.9127886936566781,0.27127280386667874,0.5979735309732899,0.004516573634981359,0.0022581564820795116
79,21.353115638097126,5.52099068959554,0.9100206852561987,0.9100205258190832,128,0,20,64,<function relu at 0x11f0552f0>,1,<function binary_crossentropy at 0x11f01b510>,0.01,<class 'keras.optimizers.Adam'>,<function relu at 0x11f0552f0>,128,"{'clf__batch_size': 128, 'clf__dropout': 0, 'clf__epochs': 20, 'clf__first_neuron': 64, 'clf__last_activation': <function relu at 0x11f0552f0>, 'clf__last_neuron': 1, 'clf__loss': <function binary_crossentropy at 0x11f01b510>, 'clf__lr': 0.01, 'clf__optimizer': <class 'keras.optimizers.Adam'>, 'clf__second_activation': <function relu at 0x11f0552f0>, 'clf__second_neuron': 128}",19,0.9155463635079082,0.9072573693265916,0.9100310240930953,0.91001551447398,0.9044827591961828,0.9127886936566781,1.9173152220515082,0.13429296419894193,0.004516573634981359,0.0022581564820795116
80,19.89530571301778,5.27257498105367,0.9100206852561987,0.9100205258190832,128,0,20,128,<function relu at 0x11f0552f0>,1,<function binary_crossentropy at 0x11f01b510>,0.01,<class 'keras.optimizers.Adam'>,<function relu at 0x11f0552f0>,1,"{'clf__batch_size': 128, 'clf__dropout': 0, 'clf__epochs': 20, 'clf__first_neuron': 128, 'clf__last_activation': <function relu at 0x11f0552f0>, 'clf__last_neuron': 1, 'clf__loss': <function binary_crossentropy at 0x11f01b510>, 'clf__lr': 0.01, 'clf__optimizer': <class 'keras.optimizers.Adam'>, 'clf__second_activation': <function relu at 0x11f0552f0>, 'clf__second_neuron': 1}",19,0.9155463635079082,0.9072573693265916,0.9100310240930953,0.91001551447398,0.9044827591961828,0.9127886936566781,0.5878652575714878,0.31077138211295474,0.004516573634981359,0.0022581564820795116
81,20.855761686960857,4.893992741902669,0.9100206852561987,0.9100205258190832,128,0,20,128,<function relu at 0x11f0552f0>,1,<function binary_crossentropy at 0x11f01b510>,0.01,<class 'keras.optimizers.Adam'>,<function relu at 0x11f0552f0>,8,"{'clf__batch_size': 128, 'clf__dropout': 0, 'clf__epochs': 20, 'clf__first_neuron': 128, 'clf__last_activation': <function relu at 0x11f0552f0>, 'clf__last_neuron': 1, 'clf__loss': <function binary_crossentropy at 0x11f01b510>, 'clf__lr': 0.01, 'clf__optimizer': <class 'keras.optimizers.Adam'>, 'clf__second_activation': <function relu at 0x11f0552f0>, 'clf__second_neuron': 8}",19,0.9155463635079082,0.9072573693265916,0.9100310240930953,0.91001551447398,0.9044827591961828,0.9127886936566781,2.0055361489982344,0.25276826042022926,0.004516573634981359,0.0022581564820795116
82,21.272411982218426,5.597232659657796,0.9100206852561987,0.9100205258190832,128,0,20,128,<function relu at 0x11f0552f0>,1,<function binary_crossentropy at 0x11f01b510>,0.01,<class 'keras.optimizers.Adam'>,<function relu at 0x11f0552f0>,32,"{'clf__batch_size': 128, 'clf__dropout': 0, 'clf__epochs': 20, 'clf__first_neuron': 128, 'clf__last_activation': <function relu at 0x11f0552f0>, 'clf__last_neuron': 1, 'clf__loss': <function binary_crossentropy at 0x11f01b510>, 'clf__lr': 0.01, 'clf__optimizer': <class 'keras.optimizers.Adam'>, 'clf__second_activation': <function relu at 0x11f0552f0>, 'clf__second_neuron': 32}",19,0.9155463635079082,0.9072573693265916,0.9100310240930953,0.91001551447398,0.9044827591961828,0.9127886936566781,1.132692802390087,0.37753870535758305,0.004516573634981359,0.0022581564820795116
83,22.339963754018147,5.441305001576741,0.9100206852561987,0.9100205258190832,128,0,20,128,<function relu at 0x11f0552f0>,1,<function binary_crossentropy at 0x11f01b510>,0.01,<class 'keras.optimizers.Adam'>,<function relu at 0x11f0552f0>,64,"{'clf__batch_size': 128, 'clf__dropout': 0, 'clf__epochs': 20, 'clf__first_neuron': 128, 'clf__last_activation': <function relu at 0x11f0552f0>, 'clf__last_neuron': 1, 'clf__loss': <function binary_crossentropy at 0x11f01b510>, 'clf__lr': 0.01, 'clf__optimizer': <class 'keras.optimizers.Adam'>, 'clf__second_activation': <function relu at 0x11f0552f0>, 'clf__second_neuron': 64}",19,0.9155463635079082,0.9072573693265916,0.9100310240930953,0.91001551447398,0.9044827591961828,0.9127886936566781,1.0590536125154022,0.062322595844376424,0.004516573634981359,0.0022581564820795116
84,23.80036465326945,5.565440972646077,0.9100206852561987,0.9100205258190832,128,0,20,128,<function relu at 0x11f0552f0>,1,<function binary_crossentropy at 0x11f01b510>,0.01,<class 'keras.optimizers.Adam'>,<function relu at 0x11f0552f0>,128,"{'clf__batch_size': 128, 'clf__dropout': 0, 'clf__epochs': 20, 'clf__first_neuron': 128, 'clf__last_activation': <function relu at 0x11f0552f0>, 'clf__last_neuron': 1, 'clf__loss': <function binary_crossentropy at 0x11f01b510>, 'clf__lr': 0.01, 'clf__optimizer': <class 'keras.optimizers.Adam'>, 'clf__second_activation': <function relu at 0x11f0552f0>, 'clf__second_neuron': 128}",19,0.9155463635079082,0.9072573693265916,0.9100310240930953,0.91001551447398,0.9044827591961828,0.9127886936566781,1.0418192310865562,0.22498210069348648,0.004516573634981359,0.0022581564820795116
85,22.059086084365845,5.32426381111145,0.9087566080462711,0.9096757576756597,128,0,20,256,<function relu at 0x11f0552f0>,1,<function binary_crossentropy at 0x11f01b510>,0.01,<class 'keras.optimizers.Adam'>,<function relu at 0x11f0552f0>,1,"{'clf__batch_size': 128, 'clf__dropout': 0, 'clf__epochs': 20, 'clf__first_neuron': 256, 'clf__last_activation': <function relu at 0x11f0552f0>, 'clf__last_neuron': 1, 'clf__loss': <function binary_crossentropy at 0x11f01b510>, 'clf__lr': 0.01, 'clf__optimizer': <class 'keras.optimizers.Adam'>, 'clf__second_activation': <function relu at 0x11f0552f0>, 'clf__second_neuron': 1}",109,0.9117545676165636,0.906223064896321,0.9100310240930953,0.91001551447398,0.9044827591961828,0.9127886936566781,0.6892417643931227,0.06911857560461154,0.0031024024696577304,0.002691151707133447
86,21.83794657389323,6.176337083180745,0.9100206852561987,0.9100205258190832,128,0,20,256,<function relu at 0x11f0552f0>,1,<function binary_crossentropy at 0x11f01b510>,0.01,<class 'keras.optimizers.Adam'>,<function relu at 0x11f0552f0>,8,"{'clf__batch_size': 128, 'clf__dropout': 0, 'clf__epochs': 20, 'clf__first_neuron': 256, 'clf__last_activation': <function relu at 0x11f0552f0>, 'clf__last_neuron': 1, 'clf__loss': <function binary_crossentropy at 0x11f01b510>, 'clf__lr': 0.01, 'clf__optimizer': <class 'keras.optimizers.Adam'>, 'clf__second_activation': <function relu at 0x11f0552f0>, 'clf__second_neuron': 8}",19,0.9155463635079082,0.9072573693265916,0.9100310240930953,0.91001551447398,0.9044827591961828,0.9127886936566781,0.8892614083681594,0.15929735025570585,0.004516573634981359,0.0022581564820795116
87,23.2069251537323,9.62494452794393,0.9100206852561987,0.9100205258190832,128,0,20,256,<function relu at 0x11f0552f0>,1,<function binary_crossentropy at 0x11f01b510>,0.01,<class 'keras.optimizers.Adam'>,<function relu at 0x11f0552f0>,32,"{'clf__batch_size': 128, 'clf__dropout': 0, 'clf__epochs': 20, 'clf__first_neuron': 256, 'clf__last_activation': <function relu at 0x11f0552f0>, 'clf__last_neuron': 1, 'clf__loss': <function binary_crossentropy at 0x11f01b510>, 'clf__lr': 0.01, 'clf__optimizer': <class 'keras.optimizers.Adam'>, 'clf__second_activation': <function relu at 0x11f0552f0>, 'clf__second_neuron': 32}",19,0.9155463635079082,0.9072573693265916,0.9100310240930953,0.91001551447398,0.9044827591961828,0.9127886936566781,0.6809548213187342,4.432417987936097,0.004516573634981359,0.0022581564820795116
88,22.48567859331767,5.748133579889934,0.9100206852561987,0.9100205258190832,128,0,20,256,<function relu at 0x11f0552f0>,1,<function binary_crossentropy at 0x11f01b510>,0.01,<class 'keras.optimizers.Adam'>,<function relu at 0x11f0552f0>,64,"{'clf__batch_size': 128, 'clf__dropout': 0, 'clf__epochs': 20, 'clf__first_neuron': 256, 'clf__last_activation': <function relu at 0x11f0552f0>, 'clf__last_neuron': 1, 'clf__loss': <function binary_crossentropy at 0x11f01b510>, 'clf__lr': 0.01, 'clf__optimizer': <class 'keras.optimizers.Adam'>, 'clf__second_activation': <function relu at 0x11f0552f0>, 'clf__second_neuron': 64}",19,0.9155463635079082,0.9072573693265916,0.9100310240930953,0.91001551447398,0.9044827591961828,0.9127886936566781,1.1219815576059649,0.3043311386222295,0.004516573634981359,0.0022581564820795116
89,27.700873772303265,6.680574019749959,0.9100206852561987,0.9100205258190832,128,0,20,256,<function relu at 0x11f0552f0>,1,<function binary_crossentropy at 0x11f01b510>,0.01,<class 'keras.optimizers.Adam'>,<function relu at 0x11f0552f0>,128,"{'clf__batch_size': 128, 'clf__dropout': 0, 'clf__epochs': 20, 'clf__first_neuron': 256, 'clf__last_activation': <function relu at 0x11f0552f0>, 'clf__last_neuron': 1, 'clf__loss': <function binary_crossentropy at 0x11f01b510>, 'clf__lr': 0.01, 'clf__optimizer': <class 'keras.optimizers.Adam'>, 'clf__second_activation': <function relu at 0x11f0552f0>, 'clf__second_neuron': 128}",19,0.9155463635079082,0.9072573693265916,0.9100310240930953,0.91001551447398,0.9044827591961828,0.9127886936566781,5.90305100900301,0.6090170612264341,0.004516573634981359,0.0022581564820795116
90,25.730233828226726,6.6601643562316895,0.9096759369224824,0.9107099431860083,128,0.2,20,8,<function relu at 0x11f0552f0>,1,<function binary_crossentropy at 0x11f01b510>,0.01,<class 'keras.optimizers.Adam'>,<function relu at 0x11f0552f0>,1,"{'clf__batch_size': 128, 'clf__dropout': 0.2, 'clf__epochs': 20, 'clf__first_neuron': 8, 'clf__last_activation': <function relu at 0x11f0552f0>, 'clf__last_neuron': 1, 'clf__loss': <function binary_crossentropy at 0x11f01b510>, 'clf__lr': 0.01, 'clf__optimizer': <class 'keras.optimizers.Adam'>, 'clf__second_activation': <function relu at 0x11f0552f0>, 'clf__second_neuron': 1}",98,0.9155463635079082,0.9072573693265916,0.9100310240930953,0.91001551447398,0.9034482764375621,0.9148569457574534,1.5727161053999017,0.5846435716478041,0.004945260736985618,0.0031411318458154838
91,24.74272131919861,6.791499376296997,0.9076074469270335,0.9081242910512021,128,0.2,20,8,<function relu at 0x11f0552f0>,1,<function binary_crossentropy at 0x11f01b510>,0.01,<class 'keras.optimizers.Adam'>,<function relu at 0x11f0552f0>,8,"{'clf__batch_size': 128, 'clf__dropout': 0.2, 'clf__epochs': 20, 'clf__first_neuron': 8, 'clf__last_activation': <function relu at 0x11f0552f0>, 'clf__last_neuron': 1, 'clf__loss': <function binary_crossentropy at 0x11f01b510>, 'clf__lr': 0.01, 'clf__optimizer': <class 'keras.optimizers.Adam'>, 'clf__second_activation': <function relu at 0x11f0552f0>, 'clf__second_neuron': 8}",114,0.9076180629424496,0.9013963108883913,0.910375732814226,0.91001551447398,0.9048275867823897,0.9129610477912348,1.0013334234289981,0.9604951889640604,0.002264968467919534,0.004907024178606632
92,24.09503110249837,6.2868436972300215,0.9100206852561987,0.9100205258190832,128,0.2,20,8,<function relu at 0x11f0552f0>,1,<function binary_crossentropy at 0x11f01b510>,0.01,<class 'keras.optimizers.Adam'>,<function relu at 0x11f0552f0>,32,"{'clf__batch_size': 128, 'clf__dropout': 0.2, 'clf__epochs': 20, 'clf__first_neuron': 8, 'clf__last_activation': <function relu at 0x11f0552f0>, 'clf__last_neuron': 1, 'clf__loss': <function binary_crossentropy at 0x11f01b510>, 'clf__lr': 0.01, 'clf__optimizer': <class 'keras.optimizers.Adam'>, 'clf__second_activation': <function relu at 0x11f0552f0>, 'clf__second_neuron': 32}",19,0.9155463635079082,0.9072573693265916,0.9100310240930953,0.91001551447398,0.9044827591961828,0.9127886936566781,2.233449600091245,0.3235153633503024,0.004516573634981359,0.0022581564820795116
93,25.305925925572712,6.814599593480428,0.9103654335830657,0.9101929099764191,128,0.2,20,8,<function relu at 0x11f0552f0>,1,<function binary_crossentropy at 0x11f01b510>,0.01,<class 'keras.optimizers.Adam'>,<function relu at 0x11f0552f0>,64,"{'clf__batch_size': 128, 'clf__dropout': 0.2, 'clf__epochs': 20, 'clf__first_neuron': 8, 'clf__last_activation': <function relu at 0x11f0552f0>, 'clf__last_neuron': 1, 'clf__loss': <function binary_crossentropy at 0x11f01b510>, 'clf__lr': 0.01, 'clf__optimizer': <class 'keras.optimizers.Adam'>, 'clf__second_activation': <function relu at 0x11f0552f0>, 'clf__second_neuron': 64}",8,0.9145122373445163,0.9063954489680328,0.912099276399333,0.9113945873045465,0.9044827591961828,0.9127886936566781,1.072471881940687,0.5696729314293799,0.004274046416287165,0.0027448637747526875
94,26.815933227539062,7.877898772557576,0.9073776146771578,0.9096757577612838,128,0.2,20,8,<function relu at 0x11f0552f0>,1,<function binary_crossentropy at 0x11f01b510>,0.01,<class 'keras.optimizers.Adam'>,<function relu at 0x11f0552f0>,128,"{'clf__batch_size': 128, 'clf__dropout': 0.2, 'clf__epochs': 20, 'clf__first_neuron': 8, 'clf__last_activation': <function relu at 0x11f0552f0>, 'clf__last_neuron': 1, 'clf__loss': <function binary_crossentropy at 0x11f01b510>, 'clf__lr': 0.01, 'clf__optimizer': <class 'keras.optimizers.Adam'>, 'clf__second_activation': <function relu at 0x11f0552f0>, 'clf__second_neuron': 128}",117,0.9076180628602647,0.9062230651531933,0.9100310240930953,0.91001551447398,0.9044827591961828,0.9127886936566781,2.6296690449246487,0.6797209329171452,0.0022713780542472106,0.0026911515972794725
95,26.928038199742634,7.35807204246521,0.9100206852561987,0.9100205258190832,128,0.2,20,16,<function relu at 0x11f0552f0>,1,<function binary_crossentropy at 0x11f01b510>,0.01,<class 'keras.optimizers.Adam'>,<function relu at 0x11f0552f0>,1,"{'clf__batch_size': 128, 'clf__dropout': 0.2, 'clf__epochs': 20, 'clf__first_neuron': 16, 'clf__last_activation': <function relu at 0x11f0552f0>, 'clf__last_neuron': 1, 'clf__loss': <function binary_crossentropy at 0x11f01b510>, 'clf__lr': 0.01, 'clf__optimizer': <class 'keras.optimizers.Adam'>, 'clf__second_activation': <function relu at 0x11f0552f0>, 'clf__second_neuron': 1}",19,0.9155463635079082,0.9072573693265916,0.9100310240930953,0.91001551447398,0.9044827591961828,0.9127886936566781,2.8375247809808424,0.9832607247689247,0.004516573634981359,0.0022581564820795116
96,32.187567154566445,7.929062207539876,0.9100206848178286,0.9109971905499018,128,0.2,20,16,<function relu at 0x11f0552f0>,1,<function binary_crossentropy at 0x11f01b510>,0.01,<class 'keras.optimizers.Adam'>,<function relu at 0x11f0552f0>,8,"{'clf__batch_size': 128, 'clf__dropout': 0.2, 'clf__epochs': 20, 'clf__first_neuron': 16, 'clf__last_activation': <function relu at 0x11f0552f0>, 'clf__last_neuron': 1, 'clf__loss': <function binary_crossentropy at 0x11f01b510>, 'clf__lr': 0.01, 'clf__optimizer': <class 'keras.optimizers.Adam'>, 'clf__second_activation': <function relu at 0x11f0552f0>, 'clf__second_neuron': 8}",92,0.9152016547867776,0.9072573693265916,0.9093416066508341,0.9098431304022683,0.9055172406393907,0.9158910719208453,2.606165929271743,1.3135016394106565,0.003982590565534533,0.0036179272371320054
97,26.59004267056783,7.0862735112508135,0.9099057691449599,0.910307832660069,128,0.2,20,16,<function relu at 0x11f0552f0>,1,<function binary_crossentropy at 0x11f01b510>,0.01,<class 'keras.optimizers.Adam'>,<function relu at 0x11f0552f0>,32,"{'clf__batch_size': 128, 'clf__dropout': 0.2, 'clf__epochs': 20, 'clf__first_neuron': 16, 'clf__last_activation': <function relu at 0x11f0552f0>, 'clf__last_neuron': 1, 'clf__loss': <function binary_crossentropy at 0x11f01b510>, 'clf__lr': 0.01, 'clf__optimizer': <class 'keras.optimizers.Adam'>, 'clf__second_activation': <function relu at 0x11f0552f0>, 'clf__second_neuron': 32}",93,0.9152016547867776,0.9081192898495488,0.9100310240930953,0.91001551447398,0.9044827591961828,0.9127886936566781,0.9093635270227786,0.4480906030707582,0.00437674140886147,0.001917449768129051
98,23.930160681406658,6.1907079219818115,0.905424040806647,0.9080668396730166,128,0.2,20,16,<function relu at 0x11f0552f0>,1,<function binary_crossentropy at 0x11f01b510>,0.01,<class 'keras.optimizers.Adam'>,<function relu at 0x11f0552f0>,64,"{'clf__batch_size': 128, 'clf__dropout': 0.2, 'clf__epochs': 20, 'clf__first_neuron': 16, 'clf__last_activation': <function relu at 0x11f0552f0>, 'clf__last_neuron': 1, 'clf__loss': <function binary_crossentropy at 0x11f01b510>, 'clf__lr': 0.01, 'clf__optimizer': <class 'keras.optimizers.Adam'>, 'clf__second_activation': <function relu at 0x11f0552f0>, 'clf__second_neuron': 64}",119,0.9145122373445163,0.9070849852548799,0.8972768014112615,0.9043268401074915,0.9044827591961828,0.9127886936566781,0.2611906865048476,0.11426104862715368,0.0070681386727298335,0.0035236127242534556
99,24.21467900276184,6.541923602422078,0.9100206852561987,0.9100205258190832,128,0.2,20,16,<function relu at 0x11f0552f0>,1,<function binary_crossentropy at 0x11f01b510>,0.01,<class 'keras.optimizers.Adam'>,<function relu at 0x11f0552f0>,128,"{'clf__batch_size': 128, 'clf__dropout': 0.2, 'clf__epochs': 20, 'clf__first_neuron': 16, 'clf__last_activation': <function relu at 0x11f0552f0>, 'clf__last_neuron': 1, 'clf__loss': <function binary_crossentropy at 0x11f01b510>, 'clf__lr': 0.01, 'clf__optimizer': <class 'keras.optimizers.Adam'>, 'clf__second_activation': <function relu at 0x11f0552f0>, 'clf__second_neuron': 128}",19,0.9155463635079082,0.9072573693265916,0.9100310240930953,0.91001551447398,0.9044827591961828,0.9127886936566781,0.14686509031805403,0.10912492104866851,0.004516573634981359,0.0022581564820795116
100,24.46019744873047,6.516237656275432,0.9096759364841122,0.9101928405647867,128,0.2,20,32,<function relu at 0x11f0552f0>,1,<function binary_crossentropy at 0x11f01b510>,0.01,<class 'keras.optimizers.Adam'>,<function relu at 0x11f0552f0>,1,"{'clf__batch_size': 128, 'clf__dropout': 0.2, 'clf__epochs': 20, 'clf__first_neuron': 32, 'clf__last_activation': <function relu at 0x11f0552f0>, 'clf__last_neuron': 1, 'clf__loss': <function binary_crossentropy at 0x11f01b510>, 'clf__lr': 0.01, 'clf__optimizer': <class 'keras.optimizers.Adam'>, 'clf__second_activation': <function relu at 0x11f0552f0>, 'clf__second_neuron': 1}",102,0.9145122373445163,0.9065678330397445,0.9100310240930953,0.91001551447398,0.9044827578807699,0.9139951741806354,0.22615602335837603,0.15764606805481188,0.004102093011073729,0.0030347907684773424
101,24.850924332936604,6.681203047434489,0.9101356013674375,0.9103077830113558,128,0.2,20,32,<function relu at 0x11f0552f0>,1,<function binary_crossentropy at 0x11f01b510>,0.01,<class 'keras.optimizers.Adam'>,<function relu at 0x11f0552f0>,8,"{'clf__batch_size': 128, 'clf__dropout': 0.2, 'clf__epochs': 20, 'clf__first_neuron': 32, 'clf__last_activation': <function relu at 0x11f0552f0>, 'clf__last_neuron': 1, 'clf__loss': <function binary_crossentropy at 0x11f01b510>, 'clf__lr': 0.01, 'clf__optimizer': <class 'keras.optimizers.Adam'>, 'clf__second_activation': <function relu at 0x11f0552f0>, 'clf__second_neuron': 8}",15,0.9155463635079082,0.9072573693265916,0.9100310240930953,0.91001551447398,0.9048275867823897,0.9136504652334961,0.35882444901186206,0.11026333117781854,0.004376421378084057,0.002618139860304729
102,25.001020034154255,6.775641679763794,0.9100206852561987,0.9100205258190832,128,0.2,20,32,<function relu at 0x11f0552f0>,1,<function binary_crossentropy at 0x11f01b510>,0.01,<class 'keras.optimizers.Adam'>,<function relu at 0x11f0552f0>,32,"{'clf__batch_size': 128, 'clf__dropout': 0.2, 'clf__epochs': 20, 'clf__first_neuron': 32, 'clf__last_activation': <function relu at 0x11f0552f0>, 'clf__last_neuron': 1, 'clf__loss': <function binary_crossentropy at 0x11f01b510>, 'clf__lr': 0.01, 'clf__optimizer': <class 'keras.optimizers.Adam'>, 'clf__second_activation': <function relu at 0x11f0552f0>, 'clf__second_neuron': 32}",19,0.9155463635079082,0.9072573693265916,0.9100310240930953,0.91001551447398,0.9044827591961828,0.9127886936566781,0.09822430133725997,0.05462512591256885,0.004516573634981359,0.0022581564820795116
103,26.362780729929607,7.144212007522583,0.9100206852561987,0.9100205258190832,128,0.2,20,32,<function relu at 0x11f0552f0>,1,<function binary_crossentropy at 0x11f01b510>,0.01,<class 'keras.optimizers.Adam'>,<function relu at 0x11f0552f0>,64,"{'clf__batch_size': 128, 'clf__dropout': 0.2, 'clf__epochs': 20, 'clf__first_neuron': 32, 'clf__last_activation': <function relu at 0x11f0552f0>, 'clf__last_neuron': 1, 'clf__loss': <function binary_crossentropy at 0x11f01b510>, 'clf__lr': 0.01, 'clf__optimizer': <class 'keras.optimizers.Adam'>, 'clf__second_activation': <function relu at 0x11f0552f0>, 'clf__second_neuron': 64}",19,0.9155463635079082,0.9072573693265916,0.9100310240930953,0.91001551447398,0.9044827591961828,0.9127886936566781,0.7839930240827677,0.30479662498352866,0.004516573634981359,0.0022581564820795116
104,25.999794085820515,6.971240282058716,0.9100206852561987,0.9100205258190832,128,0.2,20,32,<function relu at 0x11f0552f0>,1,<function binary_crossentropy at 0x11f01b510>,0.01,<class 'keras.optimizers.Adam'>,<function relu at 0x11f0552f0>,128,"{'clf__batch_size': 128, 'clf__dropout': 0.2, 'clf__epochs': 20, 'clf__first_neuron': 32, 'clf__last_activation': <function relu at 0x11f0552f0>, 'clf__last_neuron': 1, 'clf__loss': <function binary_crossentropy at 0x11f01b510>, 'clf__lr': 0.01, 'clf__optimizer': <class 'keras.optimizers.Adam'>, 'clf__second_activation': <function relu at 0x11f0552f0>, 'clf__second_neuron': 128}",19,0.9155463635079082,0.9072573693265916,0.9100310240930953,0.91001551447398,0.9044827591961828,0.9127886936566781,0.2382439135082469,0.12146689157076147,0.004516573634981359,0.0022581564820795116
105,26.065696080525715,7.243681033452352,0.9092162720323075,0.9356474195685774,128,0.2,20,64,<function relu at 0x11f0552f0>,1,<function binary_crossentropy at 0x11f01b510>,0.01,<class 'keras.optimizers.Adam'>,<function relu at 0x11f0552f0>,1,"{'clf__batch_size': 128, 'clf__dropout': 0.2, 'clf__epochs': 20, 'clf__first_neuron': 64, 'clf__last_activation': <function relu at 0x11f0552f0>, 'clf__last_neuron': 1, 'clf__loss': <function binary_crossentropy at 0x11f01b510>, 'clf__lr': 0.01, 'clf__optimizer': <class 'keras.optimizers.Adam'>, 'clf__second_activation': <function relu at 0x11f0552f0>, 'clf__second_neuron': 1}",107,0.9155463635490008,0.9360455093949319,0.9031368496088438,0.9429408721709288,0.9089655165014596,0.9279558771398716,0.24685612164684204,0.11618354105255702,0.0050695545964972825,0.006124071393693771
106,26.521577040354412,7.299314578374227,0.9113996785842148,0.9139278981420415,128,0.2,20,64,<function relu at 0x11f0552f0>,1,<function binary_crossentropy at 0x11f01b510>,0.01,<class 'keras.optimizers.Adam'>,<function relu at 0x11f0552f0>,8,"{'clf__batch_size': 128, 'clf__dropout': 0.2, 'clf__epochs': 20, 'clf__first_neuron': 64, 'clf__last_activation': <function relu at 0x11f0552f0>, 'clf__last_neuron': 1, 'clf__loss': <function binary_crossentropy at 0x11f01b510>, 'clf__lr': 0.01, 'clf__optimizer': <class 'keras.optimizers.Adam'>, 'clf__second_activation': <function relu at 0x11f0552f0>, 'clf__second_neuron': 8}",2,0.9155463635079082,0.9072573693265916,0.9141675287261168,0.9217376314428547,0.9044827591961828,0.9127886936566781,0.2134765978365467,0.11112074786714266,0.004922452789610047,0.005966173418170415
107,27.05042560895284,7.333648045857747,0.9100206852561987,0.9100205258190832,128,0.2,20,64,<function relu at 0x11f0552f0>,1,<function binary_crossentropy at 0x11f01b510>,0.01,<class 'keras.optimizers.Adam'>,<function relu at 0x11f0552f0>,32,"{'clf__batch_size': 128, 'clf__dropout': 0.2, 'clf__epochs': 20, 'clf__first_neuron': 64, 'clf__last_activation': <function relu at 0x11f0552f0>, 'clf__last_neuron': 1, 'clf__loss': <function binary_crossentropy at 0x11f01b510>, 'clf__lr': 0.01, 'clf__optimizer': <class 'keras.optimizers.Adam'>, 'clf__second_activation': <function relu at 0x11f0552f0>, 'clf__second_neuron': 32}",19,0.9155463635079082,0.9072573693265916,0.9100310240930953,0.91001551447398,0.9044827591961828,0.9127886936566781,0.1868351716259491,0.2053775499444867,0.004516573634981359,0.0022581564820795116
108,29.66149600346883,8.900898377100626,0.9100206852561987,0.9100205258190832,128,0.2,20,64,<function relu at 0x11f0552f0>,1,<function binary_crossentropy at 0x11f01b510>,0.01,<class 'keras.optimizers.Adam'>,<function relu at 0x11f0552f0>,64,"{'clf__batch_size': 128, 'clf__dropout': 0.2, 'clf__epochs': 20, 'clf__first_neuron': 64, 'clf__last_activation': <function relu at 0x11f0552f0>, 'clf__last_neuron': 1, 'clf__loss': <function binary_crossentropy at 0x11f01b510>, 'clf__lr': 0.01, 'clf__optimizer': <class 'keras.optimizers.Adam'>, 'clf__second_activation': <function relu at 0x11f0552f0>, 'clf__second_neuron': 64}",19,0.9155463635079082,0.9072573693265916,0.9100310240930953,0.91001551447398,0.9044827591961828,0.9127886936566781,2.1847847121258277,0.9562120376932851,0.004516573634981359,0.0022581564820795116
109,28.791536569595337,7.715897401173909,0.9100206852561987,0.9100205258190832,128,0.2,20,64,<function relu at 0x11f0552f0>,1,<function binary_crossentropy at 0x11f01b510>,0.01,<class 'keras.optimizers.Adam'>,<function relu at 0x11f0552f0>,128,"{'clf__batch_size': 128, 'clf__dropout': 0.2, 'clf__epochs': 20, 'clf__first_neuron': 64, 'clf__last_activation': <function relu at 0x11f0552f0>, 'clf__last_neuron': 1, 'clf__loss': <function binary_crossentropy at 0x11f01b510>, 'clf__lr': 0.01, 'clf__optimizer': <class 'keras.optimizers.Adam'>, 'clf__second_activation': <function relu at 0x11f0552f0>, 'clf__second_neuron': 128}",19,0.9155463635079082,0.9072573693265916,0.9100310240930953,0.91001551447398,0.9044827591961828,0.9127886936566781,1.5034222248631999,0.1649208704356896,0.004516573634981359,0.0022581564820795116
110,27.97805841763814,7.7780223687489825,0.9100206852561987,0.9100205258190832,128,0.2,20,128,<function relu at 0x11f0552f0>,1,<function binary_crossentropy at 0x11f01b510>,0.01,<class 'keras.optimizers.Adam'>,<function relu at 0x11f0552f0>,1,"{'clf__batch_size': 128, 'clf__dropout': 0.2, 'clf__epochs': 20, 'clf__first_neuron': 128, 'clf__last_activation': <function relu at 0x11f0552f0>, 'clf__last_neuron': 1, 'clf__loss': <function binary_crossentropy at 0x11f01b510>, 'clf__lr': 0.01, 'clf__optimizer': <class 'keras.optimizers.Adam'>, 'clf__second_activation': <function relu at 0x11f0552f0>, 'clf__second_neuron': 1}",19,0.9155463635079082,0.9072573693265916,0.9100310240930953,0.91001551447398,0.9044827591961828,0.9127886936566781,0.1750610942466554,0.048522519403603255,0.004516573634981359,0.0022581564820795116
111,28.568732341130573,8.039926767349243,0.9102505174718268,0.9113421371211644,128,0.2,20,128,<function relu at 0x11f0552f0>,1,<function binary_crossentropy at 0x11f01b510>,0.01,<class 'keras.optimizers.Adam'>,<function relu at 0x11f0552f0>,8,"{'clf__batch_size': 128, 'clf__dropout': 0.2, 'clf__epochs': 20, 'clf__first_neuron': 128, 'clf__last_activation': <function relu at 0x11f0552f0>, 'clf__last_neuron': 1, 'clf__loss': <function binary_crossentropy at 0x11f01b510>, 'clf__lr': 0.01, 'clf__optimizer': <class 'keras.optimizers.Adam'>, 'clf__second_activation': <function relu at 0x11f0552f0>, 'clf__second_neuron': 8}",12,0.9155463635079082,0.9072573693265916,0.9107204415148105,0.9139803483802231,0.9044827591961828,0.9127886936566781,0.14277191690538296,0.18160534240831724,0.004528776576734109,0.0029290506080435407
112,28.86402972539266,8.059405008951822,0.9100206852561987,0.9100205258190832,128,0.2,20,128,<function relu at 0x11f0552f0>,1,<function binary_crossentropy at 0x11f01b510>,0.01,<class 'keras.optimizers.Adam'>,<function relu at 0x11f0552f0>,32,"{'clf__batch_size': 128, 'clf__dropout': 0.2, 'clf__epochs': 20, 'clf__first_neuron': 128, 'clf__last_activation': <function relu at 0x11f0552f0>, 'clf__last_neuron': 1, 'clf__loss': <function binary_crossentropy at 0x11f01b510>, 'clf__lr': 0.01, 'clf__optimizer': <class 'keras.optimizers.Adam'>, 'clf__second_activation': <function relu at 0x11f0552f0>, 'clf__second_neuron': 32}",19,0.9155463635079082,0.9072573693265916,0.9100310240930953,0.91001551447398,0.9044827591961828,0.9127886936566781,0.19795804343202186,0.09113589017071638,0.004516573634981359,0.0022581564820795116
113,31.563700993855793,9.512903372446695,0.9100206852561987,0.9100205258190832,128,0.2,20,128,<function relu at 0x11f0552f0>,1,<function binary_crossentropy at 0x11f01b510>,0.01,<class 'keras.optimizers.Adam'>,<function relu at 0x11f0552f0>,64,"{'clf__batch_size': 128, 'clf__dropout': 0.2, 'clf__epochs': 20, 'clf__first_neuron': 128, 'clf__last_activation': <function relu at 0x11f0552f0>, 'clf__last_neuron': 1, 'clf__loss': <function binary_crossentropy at 0x11f01b510>, 'clf__lr': 0.01, 'clf__optimizer': <class 'keras.optimizers.Adam'>, 'clf__second_activation': <function relu at 0x11f0552f0>, 'clf__second_neuron': 64}",19,0.9155463635079082,0.9072573693265916,0.9100310240930953,0.91001551447398,0.9044827591961828,0.9127886936566781,2.9591565461009246,1.7463941075936993,0.004516573634981359,0.0022581564820795116
114,30.17462968826294,8.431812047958374,0.9100206852561987,0.9100205258190832,128,0.2,20,128,<function relu at 0x11f0552f0>,1,<function binary_crossentropy at 0x11f01b510>,0.01,<class 'keras.optimizers.Adam'>,<function relu at 0x11f0552f0>,128,"{'clf__batch_size': 128, 'clf__dropout': 0.2, 'clf__epochs': 20, 'clf__first_neuron': 128, 'clf__last_activation': <function relu at 0x11f0552f0>, 'clf__last_neuron': 1, 'clf__loss': <function binary_crossentropy at 0x11f01b510>, 'clf__lr': 0.01, 'clf__optimizer': <class 'keras.optimizers.Adam'>, 'clf__second_activation': <function relu at 0x11f0552f0>, 'clf__second_neuron': 128}",19,0.9155463635079082,0.9072573693265916,0.9100310240930953,0.91001551447398,0.9044827591961828,0.9127886936566781,0.5077627242259477,0.1767772662249706,0.004516573634981359,0.0022581564820795116
115,30.30339852968852,8.452709674835205,0.9100206852561987,0.9100205258190832,128,0.2,20,256,<function relu at 0x11f0552f0>,1,<function binary_crossentropy at 0x11f01b510>,0.01,<class 'keras.optimizers.Adam'>,<function relu at 0x11f0552f0>,1,"{'clf__batch_size': 128, 'clf__dropout': 0.2, 'clf__epochs': 20, 'clf__first_neuron': 256, 'clf__last_activation': <function relu at 0x11f0552f0>, 'clf__last_neuron': 1, 'clf__loss': <function binary_crossentropy at 0x11f01b510>, 'clf__lr': 0.01, 'clf__optimizer': <class 'keras.optimizers.Adam'>, 'clf__second_activation': <function relu at 0x11f0552f0>, 'clf__second_neuron': 1}",19,0.9155463635079082,0.9072573693265916,0.9100310240930953,0.91001551447398,0.9044827591961828,0.9127886936566781,0.022245951265410513,0.09371221839684409,0.004516573634981359,0.0022581564820795116
116,30.864323059717815,8.878753582636515,0.9097908530337212,0.9149622025723122,128,0.2,20,256,<function relu at 0x11f0552f0>,1,<function binary_crossentropy at 0x11f01b510>,0.01,<class 'keras.optimizers.Adam'>,<function relu at 0x11f0552f0>,8,"{'clf__batch_size': 128, 'clf__dropout': 0.2, 'clf__epochs': 20, 'clf__first_neuron': 256, 'clf__last_activation': <function relu at 0x11f0552f0>, 'clf__last_neuron': 1, 'clf__loss': <function binary_crossentropy at 0x11f01b510>, 'clf__lr': 0.01, 'clf__optimizer': <class 'keras.optimizers.Adam'>, 'clf__second_activation': <function relu at 0x11f0552f0>, 'clf__second_neuron': 8}",95,0.9155463635079082,0.9072573693265916,0.9093416066508341,0.9248405447336666,0.9044827591961828,0.9127886936566781,0.3461822723341054,0.16529438112578318,0.004527727078454033,0.0073409863144651534
117,31.103189945220947,8.782393296559652,0.9100206852561987,0.9100205258190832,128,0.2,20,256,<function relu at 0x11f0552f0>,1,<function binary_crossentropy at 0x11f01b510>,0.01,<class 'keras.optimizers.Adam'>,<function relu at 0x11f0552f0>,32,"{'clf__batch_size': 128, 'clf__dropout': 0.2, 'clf__epochs': 20, 'clf__first_neuron': 256, 'clf__last_activation': <function relu at 0x11f0552f0>, 'clf__last_neuron': 1, 'clf__loss': <function binary_crossentropy at 0x11f01b510>, 'clf__lr': 0.01, 'clf__optimizer': <class 'keras.optimizers.Adam'>, 'clf__second_activation': <function relu at 0x11f0552f0>, 'clf__second_neuron': 32}",19,0.9155463635079082,0.9072573693265916,0.9100310240930953,0.91001551447398,0.9044827591961828,0.9127886936566781,0.32451319177358384,0.34334352124838535,0.004516573634981359,0.0022581564820795116
118,31.765827973683674,8.886805613835653,0.9100206852561987,0.9100205258190832,128,0.2,20,256,<function relu at 0x11f0552f0>,1,<function binary_crossentropy at 0x11f01b510>,0.01,<class 'keras.optimizers.Adam'>,<function relu at 0x11f0552f0>,64,"{'clf__batch_size': 128, 'clf__dropout': 0.2, 'clf__epochs': 20, 'clf__first_neuron': 256, 'clf__last_activation': <function relu at 0x11f0552f0>, 'clf__last_neuron': 1, 'clf__loss': <function binary_crossentropy at 0x11f01b510>, 'clf__lr': 0.01, 'clf__optimizer': <class 'keras.optimizers.Adam'>, 'clf__second_activation': <function relu at 0x11f0552f0>, 'clf__second_neuron': 64}",19,0.9155463635079082,0.9072573693265916,0.9100310240930953,0.91001551447398,0.9044827591961828,0.9127886936566781,0.23518778074489835,0.10322020513550104,0.004516573634981359,0.0022581564820795116
119,32.21219571431478,9.214140017827352,0.9100206852561987,0.9100205258190832,128,0.2,20,256,<function relu at 0x11f0552f0>,1,<function binary_crossentropy at 0x11f01b510>,0.01,<class 'keras.optimizers.Adam'>,<function relu at 0x11f0552f0>,128,"{'clf__batch_size': 128, 'clf__dropout': 0.2, 'clf__epochs': 20, 'clf__first_neuron': 256, 'clf__last_activation': <function relu at 0x11f0552f0>, 'clf__last_neuron': 1, 'clf__loss': <function binary_crossentropy at 0x11f01b510>, 'clf__lr': 0.01, 'clf__optimizer': <class 'keras.optimizers.Adam'>, 'clf__second_activation': <function relu at 0x11f0552f0>, 'clf__second_neuron': 128}",19,0.9155463635079082,0.9072573693265916,0.9100310240930953,0.91001551447398,0.9044827591961828,0.9127886936566781,0.3704197190896458,0.286897971959607,0.004516573634981359,0.0022581564820795116
